titre,date_offre,entreprise,region,domaine,specialite,metier,competences,source_site,url
Ingénieur chargé d’affaire en Maintenance Multi-te,25/06/15,Confidentiel,Rabat,Informatique,Développement,Ingénieur,budgets,marocannonces.com,https://www.marocannonces.com/categorie/309/Offres-emploi/annonce/10150080/Ingénieur-chargé-d’affaire-en-Maintenance-Multi-te.html
Assistante Comptable F – Témara,25/06/15,En croissance,Temara,Finance,Comptabilité,Comptable,"comptabilite, comptabilite generale, confidentialite, excel, paiements, rigueur, sage, sens du detail, tva",marocannonces.com,https://www.marocannonces.com/categorie/309/Offres-emploi/annonce/10154646/Assistante-Comptable-F-–-Témara.html
INGENIEURS ET TECHNICIENS,25/06/15,Inconnue,Casablanca,Informatique,Lan,Ingénieur,Non spécifiées,marocannonces.com,https://www.marocannonces.com/categorie/309/Offres-emploi/annonce/10154640/INGENIEURS-ET-TECHNICIENS.html
Comptable chargé de la production / casablanca,25/06/15,Filiale,Casablanca,Finance,Comptabilité,Comptable,"assurance, banque, comptabilite, conformite, credit, ifrs, normes comptables",marocannonces.com,https://www.marocannonces.com/categorie/309/Offres-emploi/annonce/10155020/Comptable-chargé-de-la-production-casablanca.html
COMPTABLE AVEC EXPERIENCE,25/06/15,B,Casablanca,Finance,Comptabilité,Comptable,"comptabilite, sage",marocannonces.com,https://www.marocannonces.com/categorie/309/Offres-emploi/annonce/10151686/COMPTABLE-AVEC-EXPERIENCE.html
Ingénieur génie thermique (climatisation et froid) / temara,25/06/15,Inconnue,Temara,Informatique,Développement,Ingénieur,Non spécifiées,marocannonces.com,https://www.marocannonces.com/categorie/309/Offres-emploi/annonce/10150884/Ingénieur-génie-thermique-(climatisation-et-froid)-temara.html
COMPTABLE CONFIRME A CASABLANCA,25/06/15,Confidentiel,Casablanca,Finance,Comptabilité,Comptable,comptabilite,marocannonces.com,https://www.marocannonces.com/categorie/309/Offres-emploi/annonce/10157084/COMPTABLE-CONFIRME-A-CASABLANCA.html
Ingénieur Mécanique Chef de projet,25/06/15,Alouss,El jadida,Informatique,Ui,Ingénieur,Non spécifiées,marocannonces.com,https://www.marocannonces.com/categorie/309/Offres-emploi/annonce/10155413/Ingénieur-Mécanique-Chef-de-projet.html
Assistante comptable / agadir,25/06/15,Confidentiel,Agadir,Finance,Comptabilité,Comptable,"comptabilite, sage",marocannonces.com,https://www.marocannonces.com/categorie/309/Offres-emploi/annonce/10156250/Assistante-comptable-agadir.html
Ingénieurs d’études / agadir,25/06/15,Bet,Agadir,Informatique,Ux,Ingénieur,Non spécifiées,marocannonces.com,https://www.marocannonces.com/categorie/309/Offres-emploi/annonce/10156959/Ingénieurs-d’études-agadir.html
Contrôleur de gestion industriel senior / casablanca,25/06/15,Industrie électrique,Casablanca,Finance,Comptabilité,Contrôleur de gestion,"analyse, analyse financiere, budgets, comptabilite, comptabilite generale, controle de gestion, normes comptables, rentabilite, reporting",marocannonces.com,https://www.marocannonces.com/categorie/309/Offres-emploi/annonce/10150733/Contrôleur-de-gestion-industriel-senior-casablanca.html
Ingénieur en Génie Électrique (Bac+5) ou équivale,25/06/15,Ing,Kénitra,Informatique,Ui,Ingénieur,Non spécifiées,marocannonces.com,https://www.marocannonces.com/categorie/309/Offres-emploi/annonce/10149882/Ingénieur-en-Génie-Électrique-(Bac5)-ou-équivale.html
Ingénieur  – Département Instrument,25/06/15,Vuclair,Tout le Maroc,Informatique,Ia,Ingénieur,rigueur,marocannonces.com,https://www.marocannonces.com/categorie/309/Offres-emploi/annonce/10157430/Ingénieur-–-Département-Instrument.html
Développeur full stack / agadir,25/06/15,Stabel,Agadir,Informatique,Développement,Développeur,"android, bootstrap, css, django, html, java, javascript, laravel, mysql, php, postgresql, python, react, react native, rest, rigueur, sql",marocannonces.com,https://www.marocannonces.com/categorie/309/Offres-emploi/annonce/10155099/Développeur-full-stack-agadir.html
COMPTABLE CONFIRME(E),25/06/15,Capexia,Rabat,Finance,Comptabilité,Comptable,comptabilite,marocannonces.com,https://www.marocannonces.com/categorie/309/Offres-emploi/annonce/10152537/COMPTABLE-CONFIRME(E).html
Comptable confirmé / kénitra,25/06/15,Confidentiel,Kénitra,Finance,Comptabilité,Comptable,"comptabilite, prets",marocannonces.com,https://www.marocannonces.com/categorie/309/Offres-emploi/annonce/10149713/Comptable-confirmé-kénitra.html
Comptable / casablanca,25/06/15,Fiduciaire internationale,Casablanca,Finance,Comptabilité,Comptable,"comptabilite, normes comptables, rigueur",marocannonces.com,https://www.marocannonces.com/categorie/309/Offres-emploi/annonce/10149699/Comptable-casablanca.html
Comptable / marrakech,25/06/15,Jihane,Marrakech,Finance,Comptabilité,Comptable,"comptabilite, reporting, rigueur, tresorerie",marocannonces.com,https://www.marocannonces.com/categorie/309/Offres-emploi/annonce/10151337/Comptable-marrakech.html
Secrétaire Commerciale et Comptable,25/06/15,  ,Casablanca,Finance,Comptabilité,Comptable,"comptabilite, rigueur",marocannonces.com,https://www.marocannonces.com/categorie/309/Offres-emploi/annonce/10152525/Secrétaire-Commerciale-et-Comptable.html
Technicien informatique / tanger,25/06/15,Oxynord,Tanger,Informatique,Sécurité,Technicien informatique,"dhcp, dns, illustrator, photoshop, r, rigueur, tcp/ip, vpn, windows server",marocannonces.com,https://www.marocannonces.com/categorie/309/Offres-emploi/annonce/10156734/Technicien-informatique-tanger.html
Directeurtechnique ingénieur d'état en électric / casablanca,25/06/15,Energie e,Casablanca,Informatique,Lan,Ingénieur,"c, reporting, rigueur",marocannonces.com,https://www.marocannonces.com/categorie/309/Offres-emploi/annonce/10156723/Directeurtechnique-ingénieur-détat-en-électric-casablanca.html
Controleur de gestion /Chargé de la digitalisation,25/06/15,Confidentielle,Berrechid,Finance,Comptabilité,Contrôleur de gestion,"comptabilite, power bi, reporting, sage, sql, tableaux de bord",marocannonces.com,https://www.marocannonces.com/categorie/309/Offres-emploi/annonce/10149567/Controleur-de-gestion-Chargé-de-la-digitalisation.html
Ingénieur fullstack / tanger,25/06/15,Sendatrack,Tanger,Informatique,Développement,Ingénieur,"angular, aws, azure, docker, flutter, git, google cloud, laravel, linux, openai, tensorflow",marocannonces.com,https://www.marocannonces.com/categorie/309/Offres-emploi/annonce/10155822/Ingénieur-fullstack-tanger.html
IngÉnieur en ÉlectricitÉ ht/bt expÉrimentÉ / casablanca,25/06/15,Assil tec,Casablanca,Informatique,Sécurité,Ingénieur,Non spécifiées,marocannonces.com,https://www.marocannonces.com/categorie/309/Offres-emploi/annonce/10150413/IngÉnieur-en-ÉlectricitÉ-htbt-expÉrimentÉ-casablanca.html
Femme Comptable Confirmée FIDUCIAIRE,25/06/15,Fp,Casablanca,Finance,Comptabilité,Comptable,comptabilite,marocannonces.com,https://www.marocannonces.com/categorie/309/Offres-emploi/annonce/10156302/Femme-Comptable-Confirmée-FIDUCIAIRE.html
Collaborateur comptable / collaboratrice comptable / casablanca,25/06/15,S. ,Casablanca,Finance,Comptabilité,Comptable,"bilan, comptabilite, rigueur, tva",marocannonces.com,https://www.marocannonces.com/categorie/309/Offres-emploi/annonce/10155731/Collaborateur-comptable-collaboratrice-comptable-casablanca.html
INGÉNIEUR GÉNIE CIVIL,25/06/14,s,Casablanca,Informatique,Ia,Ingénieur,rentabilite,marocannonces.com,https://www.marocannonces.com/categorie/309/Offres-emploi/annonce/10157628/INGÉNIEUR-GÉNIE-CIVIL.html
COMPTABLE CASABLANCA,25/06/13,Best profil,Casablanca,Finance,Comptabilité,Comptable,comptabilite,marocannonces.com,https://www.marocannonces.com/categorie/309/Offres-emploi/annonce/10156744/COMPTABLE-CASABLANCA.html
ContrÔleur de gestion (h/f) / casablanca,25/06/13,Confidentiel,Casablanca,Finance,Comptabilité,Contrôleur de gestion,"actions, budgets, comptabilite, controle de gestion, rigueur",marocannonces.com,https://www.marocannonces.com/categorie/309/Offres-emploi/annonce/10156695/ContrÔleur-de-gestion-(hf)-casablanca.html
Comptable junior - casablanca,25/06/13,Best profilt,Casablanca,Finance,Comptabilité,Comptable,comptabilite,marocannonces.com,https://www.marocannonces.com/categorie/309/Offres-emploi/annonce/10156678/Comptable-junior-casablanca.html
Comptable senior - Casablanca,25/06/13,Bag,Casablanca,Finance,Comptabilité,Comptable,"comptabilite, comptabilite generale, conformite, etats financiers, normes comptables",marocannonces.com,https://www.marocannonces.com/categorie/309/Offres-emploi/annonce/10097405/Comptable-senior-Casablanca.html
Comptable,25/06/12,Jobplus,Casablanca,Finance,Comptabilité,Comptable,"assurance, banque, comptabilite, etats financiers, normes comptables",marocannonces.com,https://www.marocannonces.com/categorie/309/Offres-emploi/annonce/10088471/Comptable.html
Aide comptable - tanger,25/06/12,Confidentiel,Tanger,Finance,Comptabilité,Comptable,comptabilite,marocannonces.com,https://www.marocannonces.com/categorie/309/Offres-emploi/annonce/10156240/Aide-comptable-tanger.html
Comptable - tanger,25/06/12,Confidentiel,Casablanca,Finance,Comptabilité,Comptable,comptabilite,marocannonces.com,https://www.marocannonces.com/categorie/309/Offres-emploi/annonce/10156155/Comptable-tanger.html
Responsable financière et administratif (h/f) / casablanca,25/06/12,s,Casablanca,Finance,Comptabilité,Responsable financier,"actions, bilan, comptabilite, comptabilite generale, conformite, etats financiers, fiscalite, flux de tresorerie, impots, normes comptables, previsions, previsions de tresorerie, rentabilite, tresorerie, tva",marocannonces.com,https://www.marocannonces.com/categorie/309/Offres-emploi/annonce/10155943/Responsable-financière-et-administratif-(hf)-casablanca.html
Comptable Fournisseurs - Sidi Maarouf,25/06/12,Artus,Casablanca,Finance,Comptabilité,Comptable,"comptabilite, erp, normes comptables, rigueur, sens du detail",marocannonces.com,https://www.marocannonces.com/categorie/309/Offres-emploi/annonce/10155838/Comptable-Fournisseurs-Sidi-Maarouf.html
Aide comptable / mohammedia,25/06/12,Multinational,Mohammedia,Finance,Comptabilité,Comptable,comptabilite,marocannonces.com,https://www.marocannonces.com/categorie/309/Offres-emploi/annonce/10155771/Aide-comptable-mohammedia.html
COMPTABLE - CASABLANCA,25/06/12,Dama,Casablanca,Finance,Comptabilité,Comptable,"comptabilite, comptabilite generale, conformite, etats financiers, excel, normes comptables, paiements, reglementation, reporting, rigueur",marocannonces.com,https://www.marocannonces.com/categorie/309/Offres-emploi/annonce/10118720/COMPTABLE-CASABLANCA.html
Contrôleur de gestion / casablanca,25/06/12,Multinational,Casablanca,Finance,Comptabilité,Contrôleur de gestion,comptabilite,marocannonces.com,https://www.marocannonces.com/categorie/309/Offres-emploi/annonce/10155780/Contrôleur-de-gestion-casablanca.html
COMPTABLE HOTELIER AGADIR,25/06/12,Best profil,Agadir,Finance,Comptabilité,Comptable,"comptabilite, comptabilite generale, normes comptables",marocannonces.com,https://www.marocannonces.com/categorie/309/Offres-emploi/annonce/10155778/COMPTABLE-HOTELIER-AGADIR.html
Contrôleur de Gestion,25/06/11,Dekra,Casablanca,Finance,Comptabilité,Contrôleur de gestion,"actions, comptabilite, comptabilite analytique, controle de gestion, reporting, tableau",marocannonces.com,https://www.marocannonces.com/categorie/309/Offres-emploi/annonce/10155519/Contrôleur-de-Gestion.html
Comptable confirmé / nouaceur,25/06/11,Anonyme,Casablanca,Finance,Comptabilité,Comptable,"comptabilite, etats financiers, normes comptables, rigueur, sage, sap",marocannonces.com,https://www.marocannonces.com/categorie/309/Offres-emploi/annonce/10142426/Comptable-confirmé-nouaceur.html
Developpeur it / casablanca,25/06/11,Anonyme,Casablanca,Informatique,Développement,Développeur,"excel, java, javascript, node.js, power bi, python, react, sql",marocannonces.com,https://www.marocannonces.com/categorie/309/Offres-emploi/annonce/10154919/Developpeur-it-casablanca.html
Comptable junior en contrat intérim - Casablanca,25/06/11,Confidentiel,Casablanca,Finance,Comptabilité,Comptable,"analyse, comptabilite, rigueur, sage",marocannonces.com,https://www.marocannonces.com/categorie/309/Offres-emploi/annonce/10154906/Comptable-junior-en-contrat-intérim-Casablanca.html
Développeur net full stack / rabat,25/06/11,Avanta maroc,Rabat,Informatique,Développement,Développeur,"actions, agile, angular, api, aws, azure, c, ci/cd, devops, docker, github, github actions, jenkins, kanban, kubernetes, node.js, postgresql, rest, scrum, soap, sql",marocannonces.com,https://www.marocannonces.com/categorie/309/Offres-emploi/annonce/10154886/Développeur-net-full-stack-rabat.html
Chargé de performance contrôleur de gestion indust / errachidia,25/06/10,Dekra services,Errachidia,Finance,Comptabilité,Contrôleur de gestion,"analyse, budgets, comptabilite, controle de gestion, excel",marocannonces.com,https://www.marocannonces.com/categorie/309/Offres-emploi/annonce/10120522/Chargé-de-performance-contrôleur-de-gestion-indust-errachidia.html
Comptable / bouskoura,25/06/10,Confidentiel,Bouskoura,Finance,Comptabilité,Comptable,comptabilite,marocannonces.com,https://www.marocannonces.com/categorie/309/Offres-emploi/annonce/10154329/Comptable-bouskoura.html
"Agent administratif , aide comptable / casablanca",25/06/10,Manpower,Casablanca,Finance,Assurance,Comptable,Non spécifiées,marocannonces.com,"https://www.marocannonces.com/categorie/309/Offres-emploi/annonce/10154323/Agent-administratif-,-aide-comptable-casablanca.html"
Comptable (h/f) – secteur industriel – lissasfa,25/06/10,Prestor,Casablanca,Finance,Comptabilité,Comptable,"comptabilite, reconciliation, sage, tresorerie",marocannonces.com,https://www.marocannonces.com/categorie/309/Offres-emploi/annonce/10154205/Comptable-(hf)-–-secteur-industriel-–-lissasfa.html
Comptable confirmé pour une assurance / casablanca,25/06/09,Pj,Casablanca,Finance,Comptabilité,Comptable,"analyse, assurance, banque, caisse, comptabilite, etats financiers",marocannonces.com,https://www.marocannonces.com/categorie/309/Offres-emploi/annonce/10136998/Comptable-confirmé-pour-une-assurance-casablanca.html
Comptable (h/f) – secteur industriel – lissasfa,25/06/09,Prestor,Casablanca,Finance,Comptabilité,Comptable,"comptabilite, reconciliation, sage, tresorerie",marocannonces.com,https://www.marocannonces.com/categorie/309/Offres-emploi/annonce/10153374/Comptable-(hf)-–-secteur-industriel-–-lissasfa.html
INGÉNIEUR GÉNIE CIVIL,25/06/06,Rh,Casablanca,Informatique,Ia,Ingénieur,rentabilite,marocannonces.com,https://www.marocannonces.com/categorie/309/Offres-emploi/annonce/10152735/INGÉNIEUR-GÉNIE-CIVIL.html
Comptable (h/f) – secteur industriel – lissasfa,25/06/06,Particulier,Casablanca,Finance,Comptabilité,Comptable,"comptabilite, reconciliation, sage, tresorerie",marocannonces.com,https://www.marocannonces.com/categorie/309/Offres-emploi/annonce/10152538/Comptable-(hf)-–-secteur-industriel-–-lissasfa.html
Comptable Junior - Ain Sebaa,25/06/06,Confidentiel,Casablanca,Finance,Comptabilité,Comptable,"caisse, comptabilite",marocannonces.com,https://www.marocannonces.com/categorie/309/Offres-emploi/annonce/10152462/Comptable-Junior-Ain-Sebaa.html
Assistante comptable – industrie agroalimentaire,25/06/06,Confidentiel,Kénitra,Finance,Comptabilité,Comptable,"comptabilite, rigueur, sage, tresorerie",marocannonces.com,https://www.marocannonces.com/categorie/309/Offres-emploi/annonce/10152441/Assistante-comptable-–-industrie-agroalimentaire.html
Comptable junior - Intérim - Casablanca,25/06/06,Confidentiel,Casablanca,Finance,Comptabilité,Comptable,"analyse, comptabilite, rigueur, sage",marocannonces.com,https://www.marocannonces.com/categorie/309/Offres-emploi/annonce/10152413/Comptable-junior-Intérim-Casablanca.html
Comptable,25/06/05,Inconnue,Casablanca,Finance,Comptabilité,Comptable,"analyse, comptabilite, conformite, etats financiers",marocannonces.com,https://www.marocannonces.com/index.php?a=2&b=10142087
Comptable (h/f) – secteur industriel – lissasfa,25/06/05,Prestor,Casablanca,Finance,Comptabilité,Comptable,"comptabilite, reconciliation, sage, tresorerie",marocannonces.com,https://www.marocannonces.com/categorie/309/Offres-emploi/annonce/10152174/Comptable-(hf)-–-secteur-industriel-–-lissasfa.html
Comptable / casablanca,25/06/05,Confidentiel,Casablanca,Finance,Comptabilité,Comptable,"analyse, bilan, budgets, comptabilite, confidentialite, etats financiers, excel, impots, normes comptables, rigueur, tva",marocannonces.com,https://www.marocannonces.com/categorie/309/Offres-emploi/annonce/10065469/Comptable-casablanca.html
Comptable / agadir,25/06/05,Confidentiel,Agadir,Finance,Comptabilité,Comptable,"assurance, banque, comptabilite, comptabilite generale, erp, fiscalite, normes comptables, rigueur, sage, tva",marocannonces.com,https://www.marocannonces.com/categorie/309/Offres-emploi/annonce/10140658/Comptable-agadir.html
Gestionnaire comptable - Intérim / Casablanca,25/06/04,Secteur bancaire,Casablanca,Finance,Comptabilité,Comptable,"analyse, assurance, banque, comptabilite, comptabilite generale, controle de gestion, fiscalite, tva",marocannonces.com,https://www.marocannonces.com/categorie/309/Offres-emploi/annonce/10151264/Gestionnaire-comptable-Intérim-Casablanca.html
Ingenieur reseau experimente / casablanca,25/06/04,Best profil,Casablanca,Informatique,Lan,Ingénieur,Non spécifiées,marocannonces.com,https://www.marocannonces.com/categorie/309/Offres-emploi/annonce/10149437/Ingenieur-reseau-experimente-casablanca.html
Comptable confirmé (h/f) / casablanca,25/06/04,Dekra services,Casablanca,Finance,Comptabilité,Comptable,"assurance, comptabilite, oracle, reconciliation, sage, sap, tresorerie, tva",marocannonces.com,https://www.marocannonces.com/categorie/309/Offres-emploi/annonce/10130972/Comptable-confirmé-(hf)-casablanca.html
Comptable confirmé / agadir,25/06/04,Confidentielle,Agadir,Finance,Comptabilité,Comptable,"comptabilite, confidentialite, rigueur",marocannonces.com,https://www.marocannonces.com/categorie/309/Offres-emploi/annonce/10151188/Comptable-confirmé-agadir.html
Ingénieur performance industrielle / agadir,25/06/04,Artus,Agadir,Informatique,Ia,Ingénieur,Non spécifiées,marocannonces.com,https://www.marocannonces.com/categorie/309/Offres-emploi/annonce/10151149/Ingénieur-performance-industrielle-agadir.html
COMPTABLE HOTEL MARRAKECH,25/06/04,Best profil,Marrakech,Finance,Comptabilité,Comptable,"comptabilite, comptabilite generale",marocannonces.com,https://www.marocannonces.com/categorie/309/Offres-emploi/annonce/10151139/COMPTABLE-HOTEL-MARRAKECH.html
Comptable / marrakech,25/06/03,Anonyme,Marrakech,Finance,Comptabilité,Comptable,"comptabilite, comptabilite generale, etats financiers, reglementation, rigueur, tresorerie, tva",marocannonces.com,https://www.marocannonces.com/categorie/309/Offres-emploi/annonce/10148525/Comptable-marrakech.html
Developpeur it / casablanca,25/06/02,Anonyme,Casablanca,Informatique,Développement,Développeur,"java, javascript, node.js, nosql, python, react, sql",marocannonces.com,https://www.marocannonces.com/categorie/309/Offres-emploi/annonce/10149934/Developpeur-it-casablanca.html
Comptable Client - Casablanca,25/05/30,Confidentiel,Casablanca,Finance,Comptabilité,Comptable,"analyse, comptabilite, encaissements, rigueur, sage",marocannonces.com,https://www.marocannonces.com/categorie/309/Offres-emploi/annonce/10148387/Comptable-Client-Casablanca.html
Comptable Senior à Casablanca,25/05/30,En pleine croissance,Casablanca,Finance,Comptabilité,Comptable,"comptabilite, excel, normes comptables, rigueur, sage",marocannonces.com,https://www.marocannonces.com/categorie/309/Offres-emploi/annonce/10148253/Comptable-Senior-à-Casablanca.html
Comptable (h/f) / casablanca,25/05/30,Solano emploi,Casablanca,Finance,Comptabilité,Comptable,comptabilite,marocannonces.com,https://www.marocannonces.com/categorie/309/Offres-emploi/annonce/10078431/Comptable-(hf)-casablanca.html
Comptable / casablanca,25/05/30,Secteur automobile,Casablanca,Finance,Comptabilité,Comptable,comptabilite,marocannonces.com,https://www.marocannonces.com/categorie/309/Offres-emploi/annonce/10147933/Comptable-casablanca.html
Contrôleur de Gestion Confirmé à Rabat (H/F),25/05/29,Dekra services,Rabat,Finance,Comptabilité,Contrôleur de gestion,"actions, budgets, business plan, comptabilite, comptabilite analytique, rentabilite, rigueur, tableaux de bord",marocannonces.com,https://www.marocannonces.com/categorie/309/Offres-emploi/annonce/10027435/Contrôleur-de-Gestion-Confirmé-à-Rabat-(HF).html
Ingénieur performance industrielle / agadir,25/05/29,Artus,Agadir,Informatique,Ia,Ingénieur,Non spécifiées,marocannonces.com,https://www.marocannonces.com/categorie/309/Offres-emploi/annonce/10147232/Ingénieur-performance-industrielle-agadir.html
Ingénieur hardware TANGER,25/05/29,Stg telematics morocco,Tanger,Informatique,Développement,Ingénieur,r,marocannonces.com,https://www.marocannonces.com/categorie/309/Offres-emploi/annonce/10147185/Ingénieur-hardware-TANGER.html
INGENIEUR SERVICE MARCHE,25/05/28,Rh,Casablanca,Informatique,Ia,Ingénieur,rentabilite,marocannonces.com,https://www.marocannonces.com/categorie/309/Offres-emploi/annonce/10146900/INGENIEUR-SERVICE-MARCHE.html
Comptable Client,25/05/28,Anonyme,Casablanca,Finance,Comptabilité,Comptable,"analyse, comptabilite, encaissements, rigueur, sage",marocannonces.com,https://www.marocannonces.com/categorie/309/Offres-emploi/annonce/10146848/Comptable-Client.html
Chargé DEVOPS à Rabat,25/05/28,Avanta maroc,Rabat,Informatique,Développement,Devops,"actions, ansible, aws, azure, bash, ci/cd, devops, docker, gcp, github, github actions, jenkins, kubernetes, powershell, python, rigueur, terraform",marocannonces.com,https://www.marocannonces.com/categorie/309/Offres-emploi/annonce/10146813/Chargé-DEVOPS-à-Rabat.html
Ingénieur Efficacité énergétique- BERRECHID,25/05/28,Best profil,Casablanca,Informatique,Lan,Ingénieur,Non spécifiées,marocannonces.com,https://www.marocannonces.com/categorie/309/Offres-emploi/annonce/10146812/Ingénieur-Efficacité-énergétique-BERRECHID.html
Comptable polyvalent,25/05/28,Domino rh,Marrakech,Finance,Comptabilité,Comptable,"bilan, comptabilite, comptabilite generale, rigueur, sage, tresorerie, tva",marocannonces.com,https://www.marocannonces.com/categorie/309/Offres-emploi/annonce/10146781/Comptable-polyvalent.html
Aide comptable-Casablanca,25/05/28,Confidentiel,Casablanca,Finance,Comptabilité,Comptable,"comptabilite, encaissements",marocannonces.com,https://www.marocannonces.com/categorie/309/Offres-emploi/annonce/10146489/Aide-comptable-Casablanca.html
Controleur de gestion industrielle / casablanca,25/05/28,Cst,Casablanca,Finance,Comptabilité,Contrôleur de gestion,"actions, analyse, budgets, comptabilite, comptabilite analytique, controle de gestion, erp, excel, previsions, rentabilite, reporting, sage, sap, tableaux de bord",marocannonces.com,https://www.marocannonces.com/categorie/309/Offres-emploi/annonce/10146464/Controleur-de-gestion-industrielle-casablanca.html
Ingénieur hardware TANGER,25/05/28,Stg telematics morocco,Tanger,Informatique,Développement,Ingénieur,r,marocannonces.com,https://www.marocannonces.com/categorie/309/Offres-emploi/annonce/10146411/Ingénieur-hardware-TANGER.html
Comptable junior / marrakech,25/05/28,Artus,Marrakech,Finance,Comptabilité,Comptable,comptabilite,marocannonces.com,https://www.marocannonces.com/categorie/309/Offres-emploi/annonce/10146394/Comptable-junior-marrakech.html
Ingénieur hardware TANGER,25/05/27,Stg telematics morocco,Tanger,Informatique,Développement,Ingénieur,r,marocannonces.com,https://www.marocannonces.com/categorie/309/Offres-emploi/annonce/10146145/Ingénieur-hardware-TANGER.html
Comptable polyvalent / contrôle de gestion / casablanca,25/05/27,Prestataire de service,Casablanca,Finance,Comptabilité,Comptable,"analyse, assurance, banque, comptabilite, controle de gestion, encaissements, erp, rigueur, sage, sap",marocannonces.com,https://www.marocannonces.com/categorie/309/Offres-emploi/annonce/10145938/Comptable-polyvalent-contrôle-de-gestion-casablanca.html
Contrôleur de gestion,25/05/27,Dekra,Casablanca,Finance,Comptabilité,Contrôleur de gestion,comptabilite,marocannonces.com,https://www.marocannonces.com/categorie/309/Offres-emploi/annonce/10145786/contrôleur-de-gestion.html
"Comptable , intérim",25/05/27,Manpower,Casablanca,Finance,Comptabilité,Comptable,"analyse, comptabilite, reglementation",marocannonces.com,"https://www.marocannonces.com/categorie/309/Offres-emploi/annonce/10145751/comptable-,-intérim.html"
Night auditeur,25/05/26,Particulier,Rabat,Finance,Audit,Auditeur,Non spécifiées,marocannonces.com,https://www.marocannonces.com/categorie/309/Offres-emploi/annonce/10145136/night-auditeur.html
Comptable / Aide Comptable expérimenté (H/F),25/05/26,Confidentiel,Casablanca,Finance,Comptabilité,Comptable,"bilan, comptabilite, credit, grand livre, previsions",marocannonces.com,https://www.marocannonces.com/categorie/309/Offres-emploi/annonce/10145045/Comptable-Aide-Comptable-expérimenté-(HF).html
COMPTABLE BTP TAROUDANT,25/05/26,Best profil,Agadir,Finance,Comptabilité,Comptable,"comptabilite, conformite, etats financiers, paiements, reglementation, sage",marocannonces.com,https://www.marocannonces.com/categorie/309/Offres-emploi/annonce/10144807/COMPTABLE-BTP-TAROUDANT.html
Comptable / marrakech,25/05/26,Artus,Marrakech,Finance,Comptabilité,Comptable,comptabilite,marocannonces.com,https://www.marocannonces.com/categorie/309/Offres-emploi/annonce/10144713/Comptable-marrakech.html
Comptable confirmée / sidi maarouf,25/05/26,Artus,Casablanca,Finance,Comptabilité,Comptable,"comptabilite, rigueur",marocannonces.com,https://www.marocannonces.com/categorie/309/Offres-emploi/annonce/10144702/Comptable-confirmée-sidi-maarouf.html
Comptable expérimenté(e) / belvedère,25/05/26,Artus,Casablanca,Finance,Comptabilité,Comptable,"comptabilite, normes comptables, rigueur",marocannonces.com,https://www.marocannonces.com/categorie/309/Offres-emploi/annonce/10144690/Comptable-expérimenté(e)-belvedère.html
COMPTABLE TAROUDANT,25/05/26,,Agadir,Finance,Comptabilité,Comptable,"comptabilite, comptabilite generale, etats financiers, sage, tableau",marocannonces.com,https://www.marocannonces.com/categorie/309/Offres-emploi/annonce/10144625/COMPTABLE-TAROUDANT.html
INGENIEUR GENIE CIVIL,25/05/24,,Casablanca,Informatique,Ia,Ingénieur,rentabilite,marocannonces.com,https://www.marocannonces.com/categorie/309/Offres-emploi/annonce/10144062/INGENIEUR-GENIE-CIVIL.html
CHEF COMPTABLE A CASABLANCA,25/05/23,Beinterim,Casablanca,Finance,Comptabilité,Comptable,"agile, comptabilite",marocannonces.com,https://www.marocannonces.com/categorie/309/Offres-emploi/annonce/10143347/CHEF-COMPTABLE-A-CASABLANCA.html
Developpeurs / rabat,25/05/23,Avanta maroc,Rabat,Informatique,Développement,Développeur,java,marocannonces.com,https://www.marocannonces.com/categorie/309/Offres-emploi/annonce/10143247/Developpeurs-rabat.html
Auditeur Interne - RABAT,25/05/23,Confidentiel,Rabat,Finance,Audit,Auditeur,"conformite, controle de gestion, gestion des risques, rigueur",marocannonces.com,https://www.marocannonces.com/categorie/309/Offres-emploi/annonce/10056647/Auditeur-Interne-RABAT.html
Contrôleur de gestion (h/f) / casablanca,25/05/22,Proman,Casablanca,Finance,Comptabilité,Contrôleur de gestion,"analyse, budgets, comptabilite, controle de gestion, erp, excel, previsions, reporting, rigueur, sage, sap",marocannonces.com,https://www.marocannonces.com/categorie/309/Offres-emploi/annonce/10142543/Contrôleur-de-gestion-(hf)-casablanca.html
Ingénieur avant-vente cfo / cfa / casablanca,25/05/21,Agi,Casablanca,Informatique,Ia,Ingénieur,rigueur,marocannonces.com,https://www.marocannonces.com/categorie/309/Offres-emploi/annonce/10141965/Ingénieur-avant-vente-cfo-cfa-casablanca.html
"Contrôleur de gestion (recettes, F&B)  casablanca",25/05/21,Best profil,Marrakech,Finance,Comptabilité,Contrôleur de gestion,comptabilite,marocannonces.com,"https://www.marocannonces.com/categorie/309/Offres-emploi/annonce/10141796/contrôleur-de-gestion-(recettes,-F-et-B)-casablanca.html"
Night auditeur / rabat,25/05/21,Particulier,Rabat,Finance,Audit,Auditeur,Non spécifiées,marocannonces.com,https://www.marocannonces.com/categorie/309/Offres-emploi/annonce/10141684/Night-auditeur-rabat.html
Comptable à Had Soualem,25/05/21,Confidentiel,Had Soualem,Finance,Comptabilité,Comptable,"bilan, budgets, comptabilite, comptabilite generale, encaissements, etats financiers, excel, impots, normes comptables, paiements, rigueur, sage, sens du detail, tva",marocannonces.com,https://www.marocannonces.com/categorie/309/Offres-emploi/annonce/10141316/Comptable-à-Had-Soualem.html
Ingenieur btp / casablanca,25/05/20,Rh,Casablanca,Informatique,Ia,Ingénieur,rentabilite,marocannonces.com,https://www.marocannonces.com/categorie/309/Offres-emploi/annonce/10140910/Ingenieur-btp-casablanca.html
Ingenieur chef de projet experimente,25/05/20,Best profil,Casablanca,Informatique,Lan,Ingénieur,Non spécifiées,marocannonces.com,https://www.marocannonces.com/categorie/309/Offres-emploi/annonce/10140845/Ingenieur-chef-de-projet-experimente-hf-casablanca.html
Ingenieur chef de projet experimente,25/05/20,Best profil,Casablanca,Informatique,Lan,Ingénieur,Non spécifiées,marocannonces.com,https://www.marocannonces.com/categorie/309/Offres-emploi/annonce/10140842/Ingenieur-chef-de-projet-experimente-hf-casablanca.html
INGENIEUR PLANIFICATION A EL JADIDA,25/05/20,Anonyme,Casablanca,Informatique,Ia,Ingénieur,Non spécifiées,marocannonces.com,https://www.marocannonces.com/categorie/309/Offres-emploi/annonce/10137242/INGENIEUR-PLANIFICATION-A-EL-JADIDA.html
Ingénieur avant-vente pro av (audiovisuel ) / casablanca,25/05/20,Agi,Casablanca,Informatique,Ia,Ingénieur,Non spécifiées,marocannonces.com,https://www.marocannonces.com/categorie/309/Offres-emploi/annonce/10140482/Ingénieur-avant-vente-pro-av-(audiovisuel-)-casablanca.html
Contrôleur de Gestion,25/05/20,Artus,Casablanca,Finance,Comptabilité,Contrôleur de gestion,comptabilite,marocannonces.com,https://www.marocannonces.com/categorie/309/Offres-emploi/annonce/10140434/Contrôleur-de-Gestion.html
INGÉNIEUR GÉNIE CIVIL À NADOR,25/05/19,Beinterim,Nador,Informatique,Ui,Ingénieur,agile,marocannonces.com,https://www.marocannonces.com/categorie/309/Offres-emploi/annonce/10140024/INGÉNIEUR-GÉNIE-CIVIL-À-NADOR.html
INGÉNIEUR GÉNIE CIVIL À NADOR,25/05/19,Beinterim,Nador,Informatique,Ui,Ingénieur,agile,marocannonces.com,https://www.marocannonces.com/categorie/309/Offres-emploi/annonce/10140024/INGÉNIEUR-GÉNIE-CIVIL-À-NADOR.html
INGÉNIEUR GÉNIE CIVIL À NADOR,25/05/19,Beinterim,Nador,Informatique,Ui,Ingénieur,agile,marocannonces.com,https://www.marocannonces.com/categorie/309/Offres-emploi/annonce/10140024/INGÉNIEUR-GÉNIE-CIVIL-À-NADOR.html
