titre,date_offre,entreprise,region,domaine,specialite,metier,competences,source_site,url
Assistant(e)-trésorier,26-06-2025,Ville de Hampstead,"Hampstead , QC",finance,Permanent,Trésorier,"CPA , ERP , Excel , Outlook , Word , comptabilité , contrôle interne , finance , gestion financière , normes comptables , paie , procédures comptables , ressources humaines , états financiers",Jobboom,https://www.jobboom.com/fr/offre-emploi/assistante-tresorier_ville-de-hampstead_p3433499
Bookkeeper,19-06-2025,Robert Half,"Blainville , QC",finance,Permanent,Autre,"Excel , Microsoft Dynamics , audit , comptabilité , déclarations fiscales , finance , tableaux croisés dynamiques",Jobboom,https://www.jobboom.com/fr/offre-emploi/bookkeeper_robert-half_p3429797
Analyste en crédit,26-06-2025,Robert Half,"Laval , QC",finance,Permanent,Autre,"ERP , Excel , Outlook , Word , analyse financière , comptabilité , finance , flux de trésorerie , gestion des risques financiers , états financiers",Jobboom,https://www.jobboom.com/fr/offre-emploi/analyste-en-credit_robert-half_p3433467
Commis aux comptes payables et recevables,21-06-2025,La Garantie de construction résidentielle (GCR),"Montréal , QC",finance,Permanent,Autre,"Excel , MBA , administration , comptabilité , finance",Jobboom,https://www.jobboom.com/fr/offre-emploi/commis-aux-comptes-payables-et-recevables_la-garantie-de-construction-residentielle-gcr_p3430143
Responsable de dossier sénior,19-06-2025,Artemis Recrutement,"Longueuil , QC",finance,Permanent,Autre,"CPA , Excel , audit , comptabilité , finance , recrutement",Jobboom,https://www.jobboom.com/fr/offre-emploi/responsable-de-dossier-senior_artemis-recrutement_p3390758
Analyste financier-coût de revient & inventaire,26-06-2025,Artemis Recrutement,"Québec , QC",finance,Permanent,Analyste financier,"ERP , Excel , comptabilité , finance , power bi , recrutement",Jobboom,https://www.jobboom.com/fr/offre-emploi/analyste-financier-cout-de-revient-inventaire_artemis-recrutement_p3433459
Chef comptable,26-06-2025,Artemis Recrutement,"Saint-Bruno-de-Montarville , QC",finance,Permanent,Comptable,"CPA , ERP , Excel , audit , comptabilité , comptabilité analytique , finance , normes comptables , paie , recrutement , reporting , états financiers",Jobboom,https://www.jobboom.com/fr/offre-emploi/chef-comptable_artemis-recrutement_p3415895
Technicien(ne) à la paie et comptabilité,19-06-2025,Recyclage de métaux intégré,"Saint-Hubert , QC",finance,Permanent,Comptable,"comptabilité , finance , paie , ressources humaines",Jobboom,https://www.jobboom.com/fr/offre-emploi/technicienne-a-la-paie-et-comptabilite_recyclage-de-metaux-integre_p3429632
Senior accountant,26-06-2025,Robert Half,"Langley , BC",finance,Permanent,Comptable,"CMA , CPA , ERP , Excel , IFRS , KPI , Microsoft Dynamics , audit , finance , reporting",Jobboom,https://www.jobboom.com/fr/offre-emploi/senior-accountant_robert-half_p3433400
Adjoint(e) administratif(ve) - service fiscalité (ap),28-05-2025,Totem recruteur de talent,"Montréal , QC",finance,Permanent,Fiscaliste,"ERP , Excel , PowerPoint , administration",Jobboom,https://www.jobboom.com/fr/offre-emploi/adjointe-administratifve-service-fiscalite-ap_totem-recruteur-de-talent_p3410723
Contrôleur d'usine,11-06-2025,Robert Half,"Boucherville , QC",finance,Permanent,Autre,"audit , budgétisation , comptabilité , finance",Jobboom,https://www.jobboom.com/fr/offre-emploi/controleur-dusine_robert-half_p3425405
Directeur- optimisation et intelligence d'affaires,17-06-2025,Artemis Recrutement,"Anjou , QC",finance,Permanent,Autre,"CPA , Excel , analyse financière , audit , comptabilité , finance , power bi , recrutement",Jobboom,https://www.jobboom.com/fr/offre-emploi/directeur-optimisation-et-intelligence-daffaires_artemis-recrutement_p3428313
Contrôleur financier,20-06-2025,Robert Half,"Québec , QC",finance,Permanent,Contrôleur financier,"Excel , comptabilité , finance , paie , états financiers",Jobboom,https://www.jobboom.com/fr/offre-emploi/controleur-financier_robert-half_p3430016
Analyste financier(ère) (2993),23-06-2025,Artemis Recrutement,"Saint-Laurent , QC",finance,Permanent,Analyste financier,"ERP , Suite Office , comptabilité , finance , recrutement , états financiers",Jobboom,https://www.jobboom.com/fr/offre-emploi/analyste-financierere-2993_artemis-recrutement_p3431056
Analyste financier,03-06-2025,Robert Half,"Montréal , QC",finance,Permanent,Analyste financier,"CPA , comptabilité , finance , états financiers",Jobboom,https://www.jobboom.com/fr/offre-emploi/analyste-financier_robert-half_p3364080
Contrôleur,19-06-2025,Artemis Recrutement,"Mirabel , QC",finance,Permanent,Autre,"audit , comptabilité , finance , paie , recrutement , états financiers",Jobboom,https://www.jobboom.com/fr/offre-emploi/controleur_artemis-recrutement_p3429846
Directeur finance et investissements,23-06-2025,Artemis Recrutement,"Saint-Lambert , QC",finance,Permanent,Autre,"CPA , Excel , audit , comptabilité , finance , flux de trésorerie , gestion financière , modélisation financière , recrutement , tableaux de bord , états financiers",Jobboom,https://www.jobboom.com/fr/offre-emploi/directeur-finance-et-investissements_artemis-recrutement_p3426227
Gestionnaire senior - contrôles opérationnels et financiers,23-06-2025,Artemis Recrutement,"Montréal , QC",finance,Permanent,Autre,"CPA , SAP , audit , audit interne , comptabilité , finance , recrutement",Jobboom,https://www.jobboom.com/fr/offre-emploi/gestionnaire-senior-controles-operationnels-et-financiers_artemis-recrutement_p3404264
Contrôleur,23-06-2025,Artemis Recrutement,"Montréal , QC",finance,Permanent,Autre,"CPA , Excel , IFRS , audit , clôture mensuelle , comptabilité , finance , normes comptables , recrutement , reporting , états financiers",Jobboom,https://www.jobboom.com/fr/offre-emploi/controleur_artemis-recrutement_p3363029
Analyste financier fp&a,03-06-2025,Robert Half,"Saint-Eustache , QC",finance,Permanent,Analyste financier,"CPA , Excel , KPI , comptabilité , finance , suivi budgétaire",Jobboom,https://www.jobboom.com/fr/offre-emploi/analyste-financier-fpa_robert-half_p3420998
Contrôleur financier,21-06-2025,Robert Half,"Saint-Augustin-de-Desmaures , QC",finance,Permanent,Contrôleur financier,"Excel , MBA , audit , comptabilité , finance , états financiers",Jobboom,https://www.jobboom.com/fr/offre-emploi/controleur-financier_robert-half_p3430502
Analyste financier fp&a,31-05-2025,Artemis Recrutement,"Brossard , QC",finance,Permanent,Analyste financier,"CPA , ERP , Excel , KPI , analyse financière , comptabilité , finance , gestion financière , power bi , recrutement , reporting , suivi budgétaire , tableaux croisés dynamiques , tableaux de bord",Jobboom,https://www.jobboom.com/fr/offre-emploi/analyste-financier-fpa_artemis-recrutement_p3364013
Analyste financier,28-05-2025,Robert Half,"Montréal , QC",finance,Permanent,Analyste financier,"ERP , Excel , administration , analyse financière , audit , comptabilité , finance , gestion financière",Jobboom,https://www.jobboom.com/fr/offre-emploi/analyste-financier_robert-half_p3404286
Analyste financier,19-06-2025,Artemis Recrutement,"Montréal , QC",finance,Permanent,Analyste financier,"CPA , Excel , analyse financière , audit , comptabilité , excel avancé , finance , recrutement , états financiers",Jobboom,https://www.jobboom.com/fr/offre-emploi/analyste-financier_artemis-recrutement_p3429604
Analyst financier débutant,28-05-2025,Services de Gestion Quantum Ltée,"Montréal , QC",finance,Permanent,Autre,"ERP , Excel , MBA , PowerPoint , Word , comptabilité , déclarations fiscales , finance , états financiers",Jobboom,https://www.jobboom.com/fr/offre-emploi/analyst-financier-debutant_services-de-gestion-quantum-ltee_p3095356
Contrôleur,21-06-2025,Artemis Recrutement,"Portneuf , QC",finance,Contractuel,Autre,"CPA , ERP , Excel , MBA , audit , comptabilité , contrôle interne , excel avancé , flux de trésorerie , gestion administrative , gestion financière , indicateurs financiers , normes comptables , ressources humaines , états financiers",Jobboom,https://www.jobboom.com/fr/offre-emploi/controleur_artemis-recrutement_p3430144
Contrôleur,21-06-2025,Artemis Recrutement,"Mirabel , QC",finance,Permanent,Autre,"CPA , ERP , Excel , MBA , QuickBooks , SAGE , audit , comptabilité , contrôle interne , déclarations fiscales , finance , normes comptables , paie , recrutement , états financiers",Jobboom,https://www.jobboom.com/fr/offre-emploi/controleur_artemis-recrutement_p3430066
Analyste prix de revient,21-06-2025,Artemis Recrutement,"Portneuf , QC",finance,Permanent,Autre,"CPA , Excel , comptabilité , finance , recrutement",Jobboom,https://www.jobboom.com/fr/offre-emploi/analyste-prix-de-revient_artemis-recrutement_p3430065
Assistant-contrôleur,21-06-2025,Artemis Recrutement,"Gatineau , QC",finance,Permanent,Assistant comptable,"CPA , Excel , comptabilité , finance , procédures comptables , recrutement",Jobboom,https://www.jobboom.com/fr/offre-emploi/assistant-controleur_artemis-recrutement_p3430063
Assistant contrôleur,20-06-2025,Artemis Recrutement,"Brossard , QC",finance,Permanent,Autre,"CPA , Excel , Microsoft Dynamics , administration , comptabilité , finance , recrutement , états financiers",Jobboom,https://www.jobboom.com/fr/offre-emploi/assistant-controleur_artemis-recrutement_p3429916
Responsable de dossiers,20-06-2025,Artemis Recrutement,"Québec , QC",finance,Permanent,Autre,"CPA , MBA , comptabilité , déclarations fiscales , finance , recrutement , états financiers",Jobboom,https://www.jobboom.com/fr/offre-emploi/responsable-de-dossiers_artemis-recrutement_p3429915
Responsable de dossiers,20-06-2025,Artemis Recrutement,"Saint-Sauveur , QC",finance,Permanent,Autre,"CPA , MBA , comptabilité , déclarations fiscales , finance , recrutement , états financiers",Jobboom,https://www.jobboom.com/fr/offre-emploi/responsable-de-dossiers_artemis-recrutement_p3429913
Responsable de dossier,20-06-2025,Artemis Recrutement,"Lachute , QC",finance,Permanent,Autre,"CPA , MBA , comptabilité , déclarations fiscales , finance , recrutement , états financiers",Jobboom,https://www.jobboom.com/fr/offre-emploi/responsable-de-dossier_artemis-recrutement_p3429912
Accounting administrator,20-06-2025,Robert Half,"Ottawa , ON",finance,Permanent,Autre,"ERP , Excel , comptabilité , finance , paie",Jobboom,https://www.jobboom.com/fr/offre-emploi/accounting-administrator_robert-half_p3365320
Contrôleur financier,28-05-2025,Robert Half,"Montréal , QC",finance,Permanent,Contrôleur financier,"SAGE , administration , audit , comptabilité , déclarations fiscales , finance , flux de trésorerie , gestion financière , normes comptables , paie , états financiers",Jobboom,https://www.jobboom.com/fr/offre-emploi/controleur-financier_robert-half_p3408803
Contrôleur,19-06-2025,Artemis Recrutement,"Terrebonne , QC",finance,Permanent,Autre,"CPA , ERP , Excel , audit , comptabilité , finance , recrutement , états financiers",Jobboom,https://www.jobboom.com/fr/offre-emploi/controleur_artemis-recrutement_p3429845
Analyste financier – consolidation et communication de l’information financière – hybride,19-06-2025,Services de Gestion Quantum Ltée,"Pointe-Claire , QC",finance,Permanent,Analyste financier,"CPA , Excel , MBA , Word , comptabilité , contrôle interne , finance , états financiers",Jobboom,https://www.jobboom.com/fr/offre-emploi/analyste-financier-consolidation-et-communication-de-linformation-financiere-hybride_services-de-gestion-quantum-ltee_p3429813
Contrôleur financier,06-06-2025,Robert Half,"Repentigny , QC",finance,Permanent,Contrôleur financier,"CPA , analyse financière , audit , comptabilité , finance , flux de trésorerie , états financiers",Jobboom,https://www.jobboom.com/fr/offre-emploi/controleur-financier_robert-half_p3423459
Chef de service paie (2806),31-05-2025,Artemis Recrutement,"Montréal , QC",finance,Permanent,Autre,"Excel , Suite Office , administration , comptabilité , finance , paie , recrutement",Jobboom,https://www.jobboom.com/fr/offre-emploi/chef-de-service-paie-2806_artemis-recrutement_p3361098
Analyste à l'accréditation (cautionnement),31-05-2025,La Garantie de construction résidentielle (GCR),"Montréal , QC",finance,Permanent,Autre,"Excel , administration , analyse financière , finance , états financiers",Jobboom,https://www.jobboom.com/fr/offre-emploi/analyste-a-laccreditation-cautionnement_la-garantie-de-construction-residentielle-gcr_p3419832
Contrôleur financier,29-05-2025,Robert Half,"Châteauguay , QC",finance,Permanent,Contrôleur financier,"Excel , KPI , administration , comptabilité , finance , paie , états financiers",Jobboom,https://www.jobboom.com/fr/offre-emploi/controleur-financier_robert-half_p3419244
Fp&a business partner,19-06-2025,Robert Half,"Vancouver , BC",finance,Permanent,Analyste financier,"CPA , Excel , SAP , finance , reporting",Jobboom,https://www.jobboom.com/fr/offre-emploi/fpa-business-partner_robert-half_p3429505
Conseiller(ère) en fiscalité,17-06-2025,Artemis Recrutement,"Boucherville , QC",finance,Permanent,Fiscaliste,"Excel , MBA , audit , comptabilité , déclarations fiscales , finance , recrutement",Jobboom,https://www.jobboom.com/fr/offre-emploi/conseillerere-en-fiscalite_artemis-recrutement_p3427049
Directeur(trice) principal(e) en fiscalité,14-06-2025,Artemis Recrutement,"Boucherville , QC",finance,Permanent,Fiscaliste,"CPA , MBA , analyse de rentabilité , comptabilité , finance , recrutement",Jobboom,https://www.jobboom.com/fr/offre-emploi/directeurtrice-principale-en-fiscalite_artemis-recrutement_p3392000
Contrôleur financier,12-06-2025,Artemis Recrutement,"Sainte-Sabine , QC",finance,Permanent,Contrôleur financier,"CPA , Excel , Suite Office , analyse financière , comptabilité , excel avancé , finance , flux de trésorerie , gestion administrative , recrutement",Jobboom,https://www.jobboom.com/fr/offre-emploi/controleur-financier_artemis-recrutement_p3402848
Sox consultant,11-06-2025,Robert Half,"Toronto , ON",finance,Contractuel,Autre,"CPA , Excel , MBA , finance , reporting",Jobboom,https://www.jobboom.com/fr/offre-emploi/sox-consultant_robert-half_p3425406
Contrôleur financier,12-06-2025,Robert Half,"Wendake , QC",finance,Permanent,Contrôleur financier,"CPA , Excel , analyse financière , audit , comptabilité , contrôle interne , finance , paie , états financiers",Jobboom,https://www.jobboom.com/fr/offre-emploi/controleur-financier_robert-half_p3425999
Analyste financier,03-06-2025,Artemis Recrutement,"Saint-Thomas , QC",finance,Contractuel,Analyste financier,"CPA , Excel , KPI , administration , comptabilité , finance , recrutement",Jobboom,https://www.jobboom.com/fr/offre-emploi/analyste-financier_artemis-recrutement_p3421019
Ditrecteur(trice)-cabinet comptable,12-06-2025,Artemis Recrutement,"Montréal , QC",finance,Permanent,Comptable,"CPA , ERP , Excel , comptabilité , finance , recrutement , états financiers",Jobboom,https://www.jobboom.com/fr/offre-emploi/ditrecteurtrice-cabinet-comptable_artemis-recrutement_p3402849
Contrôleur financier,05-06-2025,Artemis Recrutement,"Laval , QC",finance,Permanent,Contrôleur financier,"CPA , ERP , Excel , audit , comptabilité , finance , recrutement , états financiers",Jobboom,https://www.jobboom.com/fr/offre-emploi/controleur-financier_artemis-recrutement_p3422888
Responsable de la facturation,07-06-2025,Fiera Capital,"Montréal , QC",finance,Permanent,Autre,"Excel , MBA , SAP , audit , comptabilité , finance , états financiers",Jobboom,https://www.jobboom.com/fr/offre-emploi/responsable-de-la-facturation_fiera-capital_p3423522
"Analyste principal(e), facturation - contrat de 12 mois",07-06-2025,Fiera Capital,"Montréal , QC",finance,Contractuel,Autre,"Excel , MBA , SAP , administration , audit , comptabilité , finance",Jobboom,https://www.jobboom.com/fr/offre-emploi/analyste-principale-facturation-contrat-de-12-mois_fiera-capital_p3423521
Contrôleur financier,04-06-2025,Artemis Recrutement,"Brossard , QC",finance,Permanent,Contrôleur financier,"CPA , MBA , budgétisation , comptabilité , finance , flux de trésorerie , recrutement , états financiers",Jobboom,https://www.jobboom.com/fr/offre-emploi/controleur-financier_artemis-recrutement_p3362988
Contrôleur financier,28-05-2025,Robert Half,"Saint-Laurent , QC",finance,Permanent,Contrôleur financier,"Excel , audit , comptabilité , déclarations fiscales , finance , gestion financière , états financiers",Jobboom,https://www.jobboom.com/fr/offre-emploi/controleur-financier_robert-half_p3408802
Contrôleur financier,28-05-2025,Robert Half,"Granby , QC",finance,Permanent,Contrôleur financier,"CPA , analyse financière , comptabilité , finance , états financiers",Jobboom,https://www.jobboom.com/fr/offre-emploi/controleur-financier_robert-half_p3418658
Chef comptable,31-05-2025,Fed Finance Canada,"Boisbriand , QC",finance,Permanent,Comptable,"comptabilité , finance , recrutement , états financiers",Jobboom,https://www.jobboom.com/fr/offre-emploi/chef-comptable_fed-finance-canada_p3419964
Conseiller sécurité financière\conseillère sécurité financière\,28-05-2025,iA Groupe Financier Agence Saguenay,"Jonquiere , QC",finance,Permanent,Autre,,Jobboom,https://www.jobboom.com/fr/offre-emploi/conseiller-securite-financiereconseillere-securite-financiere_ia-groupe-financier-agence-saguenay_p3064943
Analyste de données financières,,Kenova - Recrutement en comptabilité & finance,"Montréal , QC",finance,,Autre,,Jobboom,https://www.jobboom.com/fr/offre-emploi/analyste-de-donnees-financieres_kenova-recrutement-en-comptabilite-finance_p3286916
Conseiller(ère) fp&a et administration,,Kenova - Recrutement en comptabilité & finance,"Montréal , QC",finance,,Analyste financier,,Jobboom,https://www.jobboom.com/fr/offre-emploi/conseillerere-fpa-et-administration_kenova-recrutement-en-comptabilite-finance_p3286917
Assistant-contrôleur,,Kenova - Recrutement en comptabilité & finance,"Montréal , QC",finance,,Assistant comptable,,Jobboom,https://www.jobboom.com/fr/offre-emploi/assistant-controleur_kenova-recrutement-en-comptabilite-finance_p3286918
Directeur.rice financier.ère (numéro 1 en finance),,Kenova - Recrutement en comptabilité & finance,"Montréal , QC",finance,,Autre,,Jobboom,https://www.jobboom.com/fr/offre-emploi/directeurrice-financierere-numero-1-en-finance_kenova-recrutement-en-comptabilite-finance_p3284041
Contrôleur.e,,Kenova - Recrutement en comptabilité & finance,"Anjou , QC",finance,,Autre,,Jobboom,https://www.jobboom.com/fr/offre-emploi/controleure_kenova-recrutement-en-comptabilite-finance_p3278621
"Directeur(rice) en chef, normes comptables",,Kenova - Recrutement en comptabilité & finance,"Montréal , QC",finance,,Comptable,,Jobboom,https://www.jobboom.com/fr/offre-emploi/directeurrice-en-chef-normes-comptables_kenova-recrutement-en-comptabilite-finance_p3276570
"Directeur∙rice, information financière",,Kenova - Recrutement en comptabilité & finance,"Montréal , QC",finance,,Autre,,Jobboom,https://www.jobboom.com/fr/offre-emploi/directeurrice-information-financiere_kenova-recrutement-en-comptabilite-finance_p3278410
Analyste d'affairepaie et rh,,Kenova - Recrutement en comptabilité & finance,"Montréal , QC",finance,,Autre,,Jobboom,https://www.jobboom.com/fr/offre-emploi/analyste-daffairepaie-et-rh_kenova-recrutement-en-comptabilite-finance_p3276566
"Conseiller(ère) senior, consolidation (mandat de 6 mois)",,Kenova - Recrutement en comptabilité & finance,"Montréal , QC",finance,,Autre,,Jobboom,https://www.jobboom.com/fr/offre-emploi/conseillerere-senior-consolidation-mandat-de-6-mois_kenova-recrutement-en-comptabilite-finance_p3276563
"Analyste, divulgation financière",,Kenova - Recrutement en comptabilité & finance,"Montréal , QC",finance,,Autre,,Jobboom,https://www.jobboom.com/fr/offre-emploi/analyste-divulgation-financiere_kenova-recrutement-en-comptabilite-finance_p3276564
Contrôleur.e,,Kenova - Recrutement en comptabilité & finance,"Anjou , QC",finance,,Autre,,Jobboom,https://www.jobboom.com/fr/offre-emploi/controleure_kenova-recrutement-en-comptabilite-finance_p3276567
Contrôleur,,Kenova - Recrutement en comptabilité & finance,"Sainte-Julie , QC",finance,,Autre,,Jobboom,https://www.jobboom.com/fr/offre-emploi/controleur_kenova-recrutement-en-comptabilite-finance_p3276568
Contrôleur.e,,Kenova - Recrutement en comptabilité & finance,"Anjou , QC",finance,,Autre,,Jobboom,https://www.jobboom.com/fr/offre-emploi/controleure_kenova-recrutement-en-comptabilite-finance_p3276249
"Analyste, divulgation financière",,Kenova - Recrutement en comptabilité & finance,"Montréal , QC",finance,,Autre,,Jobboom,https://www.jobboom.com/fr/offre-emploi/analyste-divulgation-financiere_kenova-recrutement-en-comptabilite-finance_p3276246
"Conseiller(ère) senior, consolidation (mandat de 6 mois)",,Kenova - Recrutement en comptabilité & finance,"Montréal , QC",finance,,Autre,,Jobboom,https://www.jobboom.com/fr/offre-emploi/conseillerere-senior-consolidation-mandat-de-6-mois_kenova-recrutement-en-comptabilite-finance_p3276245
Cfo,,Kenova - Recrutement en comptabilité & finance,"Montréal , QC",finance,,Directeur financier,,Jobboom,https://www.jobboom.com/fr/offre-emploi/cfo_kenova-recrutement-en-comptabilite-finance_p3276242
Analyste d'affairepaie et rh,,Kenova - Recrutement en comptabilité & finance,"Montréal , QC",finance,,Autre,,Jobboom,https://www.jobboom.com/fr/offre-emploi/analyste-daffairepaie-et-rh_kenova-recrutement-en-comptabilite-finance_p3276248
Contrôleur,,Kenova - Recrutement en comptabilité & finance,"Sainte-Julie , QC",finance,,Autre,,Jobboom,https://www.jobboom.com/fr/offre-emploi/controleur_kenova-recrutement-en-comptabilite-finance_p3276250
"Directeur(rice) en chef, normes comptables",,Kenova - Recrutement en comptabilité & finance,"Montréal , QC",finance,,Comptable,,Jobboom,https://www.jobboom.com/fr/offre-emploi/directeurrice-en-chef-normes-comptables_kenova-recrutement-en-comptabilite-finance_p3275995
Contrôleur.e,,Kenova - Recrutement en comptabilité & finance,"Anjou , QC",finance,,Autre,,Jobboom,https://www.jobboom.com/fr/offre-emploi/controleure_kenova-recrutement-en-comptabilite-finance_p3275992
"Conseiller(ère) senior, consolidation (mandat de 6 mois)",,Kenova - Recrutement en comptabilité & finance,"Montréal , QC",finance,,Autre,,Jobboom,https://www.jobboom.com/fr/offre-emploi/conseillerere-senior-consolidation-mandat-de-6-mois_kenova-recrutement-en-comptabilite-finance_p3275988
"Analyste, divulgation financière",,Kenova - Recrutement en comptabilité & finance,"Montréal , QC",finance,,Autre,,Jobboom,https://www.jobboom.com/fr/offre-emploi/analyste-divulgation-financiere_kenova-recrutement-en-comptabilite-finance_p3275989
Cfo,,Kenova - Recrutement en comptabilité & finance,"Montréal , QC",finance,,Directeur financier,,Jobboom,https://www.jobboom.com/fr/offre-emploi/cfo_kenova-recrutement-en-comptabilite-finance_p3275985
Conseiller∙ère fp&a et administration,,Kenova - Recrutement en comptabilité & finance,"Montréal , QC",finance,,Analyste financier,,Jobboom,https://www.jobboom.com/fr/offre-emploi/conseillerere-fpa-et-administration_kenova-recrutement-en-comptabilite-finance_p3275720
Cfo,,Kenova - Recrutement en comptabilité & finance,"Montréal , QC",finance,,Directeur financier,,Jobboom,https://www.jobboom.com/fr/offre-emploi/cfo_kenova-recrutement-en-comptabilite-finance_p3273985
Responsable en cybersécurité,27-06-2025,Régulvar inc.,"Laval , QC",informatique,Permanent,Cybersécurité,"Ant , Intune , LAN , MAN , MFA , PowerShell , R , RF , Rust",Jobboom,https://www.jobboom.com/fr/offre-emploi/responsable-en-cybersecurite_regulvar-inc_p3434034
Programmeur(euse) de systèmes cvc - laval,27-06-2025,Régulvar inc.,"Laval , QC",informatique,Permanent,Développeur,"Ant , LAN , MAN , R , RDI , RF",Jobboom,https://www.jobboom.com/fr/offre-emploi/programmeureuse-de-systemes-cvc-laval_regulvar-inc_p3319009
Architecte de solutions bi / ia (ct),27-06-2025,Totem recruteur de talent,"Montréal , QC",informatique,Permanent,Autre,"Ant , Go , LAN , MAN , NAT , R",Jobboom,https://www.jobboom.com/fr/offre-emploi/architecte-de-solutions-bi-ia-ct_totem-recruteur-de-talent_p3434026
Spécialiste débutant en assistance technique,26-06-2025,Services de Gestion Quantum Ltée,"Montréal , QC",informatique,Permanent,Autre,"Ant , MAN , PAT , R , SSIS",Jobboom,https://www.jobboom.com/fr/offre-emploi/specialiste-debutant-en-assistance-technique_services-de-gestion-quantum-ltee_p3433487
Technicien.ne informatique support-ti,27-06-2025,APCHQ inc.,"Montréal , QC",informatique,Permanent,Autre,"Ant , Chef , GIT , Go , LAN , MAN , PAT , R , RF",Jobboom,https://www.jobboom.com/fr/offre-emploi/technicienne-informatique-support-ti_apchq-inc_p3391944
Analyste-programmeur.euse spécialisé.e en dynamics 365 et as,27-06-2025,APCHQ inc.,"Montréal , QC",informatique,Permanent,Développeur,"Agile , Ant , Azure DevOps , C# , Chef , DevOps , GIT , Go , Java , JavaScript , LAN , MAN , OWASP , PAT , R , RF , RIP , SQL , Selenium , ToS , UML",Jobboom,https://www.jobboom.com/fr/offre-emploi/analyste-programmeureuse-specialisee-en-dynamics-365-et-as_apchq-inc_p3391943
Spécialiste en marketing numérique – hybride,26-06-2025,Services de Gestion Quantum Ltée,"Toronto , ON",informatique,Contractuel,Autre,"Ant , LAN , MAN , R , RF",Jobboom,https://www.jobboom.com/fr/offre-emploi/specialiste-en-marketing-numerique-hybride_services-de-gestion-quantum-ltee_p3433490
"Technicienne, technicien linux devops t2425-81",26-06-2025,Université TÉLUQ,"Québec , QC",informatique,Permanent,DevOps,"Ant , Apache , Bash , Chef , GIT , LAN , Linux , MAN , Puppet , Python , R , RF , RIP , Redis , SQL",Jobboom,https://www.jobboom.com/fr/offre-emploi/technicienne-technicien-linux-devops-t2425-81_universite-teluq_p3401964
Analyste en gestion de portfolios,26-06-2025,Université de Montréal,"Montréal , QC",informatique,Permanent,Autre,"Ant , Chef , LAN , MAN , NAT , PAT , R , RF , Tableau",Jobboom,https://www.jobboom.com/fr/offre-emploi/analyste-en-gestion-de-portfolios_universite-de-montreal_p3433445
Analyste de données,26-06-2025,Université de Montréal,"Montréal , QC",informatique,Permanent,Autre,"Ant , Go , LAN , MAN , NAT , R , RF , RSA",Jobboom,https://www.jobboom.com/fr/offre-emploi/analyste-de-donnees_universite-de-montreal_p3433136
"Consultants (java, big data, .net, c++)",28-05-2025,Services de Gestion Quantum Ltée,"Montréal , QC",informatique,Contractuel,Autre,"Ant , Chef , Java , LAN , MAN , NAT , R , RF",Jobboom,https://www.jobboom.com/fr/offre-emploi/consultants-java-big-data-net-c_services-de-gestion-quantum-ltee_p3357754
Technicien (ne) en  informatique en support technique,26-06-2025,Services plus,"Québec , QC",informatique,Contractuel,Technicien informatique / Support,"Go , LAN , MAN , R",Jobboom,https://www.jobboom.com/fr/offre-emploi/technicien-ne-en-informatique-en-support-technique_services-plus_p3132837
Technicien (ne) en  informatique en support technique,26-06-2025,Services plus,"Montréal , QC",informatique,Contractuel,Technicien informatique / Support,"Go , LAN , MAN , R",Jobboom,https://www.jobboom.com/fr/offre-emploi/technicien-ne-en-informatique-en-support-technique_services-plus_p3132854
Analyste en conformité,19-06-2025,Robert Half,"Dollard-Des Ormeaux , QC",informatique,Permanent,Autre,"Ant , Chef , GIT , LAN , MAN , NAT , Power BI , R , RF , RIP",Jobboom,https://www.jobboom.com/fr/offre-emploi/analyste-en-conformite_robert-half_p3429793
Intermediate front end developer,26-06-2025,Robert Half,"Calgary , AB",informatique,Permanent,Autre,"Agile , Ant , CSS , Go , HTML , Java , JavaScript , LAN , MAN , R , RF , RIP , WAN",Jobboom,https://www.jobboom.com/fr/offre-emploi/intermediate-front-end-developer_robert-half_p3433014
Directeur des ti,20-06-2025,Services de Gestion Quantum Ltée,"Montréal , QC",informatique,Permanent,Autre,"Ant , GIT , MAN , R , Redis",Jobboom,https://www.jobboom.com/fr/offre-emploi/directeur-des-ti_services-de-gestion-quantum-ltee_p3429881
Les chantiers chibougamau (nordic structures) - développeur de logiciels,12-06-2025,RM Recrutement,"Montréal , QC",informatique,Permanent,Développeur,"Ant , LAN , MAN , R , RDI , RIP",Jobboom,https://www.jobboom.com/fr/offre-emploi/les-chantiers-chibougamau-nordic-structures-developpeur-de-logiciels_rm-recrutement_p3424964
Développeur back-end – python et mégadonnées,24-06-2025,Services de Gestion Quantum Ltée,"Montréal , QC",informatique,Permanent,Développeur,"Agile , Ant , CloudFormation , Docker , Go , Hadoop , Java , MAN , Python , R , RF , SQL , Spark , Terraform",Jobboom,https://www.jobboom.com/fr/offre-emploi/developpeur-back-end-python-et-megadonnees_services-de-gestion-quantum-ltee_p3432536
Analyste d'affaires : bi,31-05-2025,Agence de Placement Synergie Inc.,"Boucherville , QC",informatique,Permanent,Analyste fonctionnel / Business Analyst,"Ant , Go , LAN , MAN , Power BI , R , RF , RIP , SQL , Tableau",Jobboom,https://www.jobboom.com/fr/offre-emploi/analyste-daffaires-bi_agence-de-placement-synergie-inc_p3419950
It risk manager,26-06-2025,Robert Half,"Calgary , AB",informatique,Permanent,Autre,"Ant , Firewall , Firewalls , Go , IDS , LAN , MAN , NAT , R , RF , SAS , SIEM , VPN",Jobboom,https://www.jobboom.com/fr/offre-emploi/it-risk-manager_robert-half_p3433107
Développeur(se) fullstack next.js - blainville (hybride),11-06-2025,PROGYMEDIA INC.,"Blainville , QC",informatique,Permanent,Développeur,"Ant , CI/CD , Kubernetes , LAN , R , RIP , SaaS , TypeScript",Jobboom,https://www.jobboom.com/fr/offre-emploi/developpeurse-fullstack-nextjs-blainville-hybride_progymedia-inc_p3423528
Expert.e php (optimisation de serveur web) (ct),28-05-2025,Totem recruteur de talent,"Montreal , QC",informatique,Permanent,Autre,"Ant , Apache , CI/CD , DevOps , GIT , Go , Grafana , LAN , Linux , MAN , NAT , Nginx , PAT , PHP , Prometheus , R , RF , Redis , SQL , ToS",Jobboom,https://www.jobboom.com/fr/offre-emploi/experte-php-optimisation-de-serveur-web-ct_totem-recruteur-de-talent_p3363984
Application support engineer,24-06-2025,Services de Gestion Quantum Ltée,"Toronto , ON",informatique,Contractuel,Autre,"Ant , Java , Jira , LAN , Linux , Python , R , RDI , RF , SQL , SSIS",Jobboom,https://www.jobboom.com/fr/offre-emploi/application-support-engineer_services-de-gestion-quantum-ltee_p3430100
Technicien(-ne) en informatique,14-06-2025,National Ressources Techniques,"Montréal , QC",informatique,Permanent,Autre,"Ant , Firewall , Firewalls , LAN , MAN , R , RIP",Jobboom,https://www.jobboom.com/fr/offre-emploi/technicien-ne-en-informatique_national-ressources-techniques_p3427057
"Administrateur.rice principal.e système, réseaux et sécurité",26-06-2025,APCHQ inc.,"Montréal , QC",informatique,Permanent,Autre,"Active Directory , Agile , Ant , Chef , GIT , Go , Hyper-V , ITIL , LAN , Linux , MAN , NAT , PAT , R , SCCM , SSIS , Veeam",Jobboom,https://www.jobboom.com/fr/offre-emploi/administrateurrice-principale-systeme-reseaux-et-securite_apchq-inc_p3419834
Analyste fonctionnel(le) sap (pm),28-05-2025,Totem recruteur de talent,"Granby , QC",informatique,Permanent,Analyste fonctionnel / Business Analyst,"Ant , LAN , MAN , NAT , R , RDI , RF",Jobboom,https://www.jobboom.com/fr/offre-emploi/analyste-fonctionnelle-sap-pm_totem-recruteur-de-talent_p3362456
Chef d'équipe devsecops – télétravail au québec,26-06-2025,Services de Gestion Quantum Ltée,"Québec , QC",informatique,Permanent,Autre,"Ansible , Ant , Azure DevOps , Bash , CI/CD , Chef , CloudFormation , DevOps , Docker , GIT , GitHub , GitHub Actions , GitLab , GitLab CI , Go , Helm , Jenkins , Kubernetes , LAN , Linux , MAN , Python , R , RF , RIP , SIEM , Terraform",Jobboom,https://www.jobboom.com/fr/offre-emploi/chef-dequipe-devsecops-teletravail-au-quebec_services-de-gestion-quantum-ltee_p3432543
Chargé·e de projets web junior,26-06-2025,APCHQ inc.,"Montréal , QC",informatique,Contractuel,Autre,"Ant , Chef , GIT , Go , LAN , MAN , NAT , PAT , R , RDI , SSIS",Jobboom,https://www.jobboom.com/fr/offre-emploi/chargee-de-projets-web-junior_apchq-inc_p3431850
Analyste d’affaires,25-06-2025,APCHQ inc.,"Montréal , QC",informatique,Permanent,Autre,"Agile , Ant , Azure DevOps , BPMN , DevOps , GIT , Go , Jira , MAN , PAT , R , Tableau , UML",Jobboom,https://www.jobboom.com/fr/offre-emploi/analyste-daffaires_apchq-inc_p3417579
Administrateur.trice informatique (ct),28-05-2025,Totem recruteur de talent,"Montréal , QC",informatique,Permanent,Autre,"Ant , LAN , Linux , MAN , NAT , R , RF , Windows Server",Jobboom,https://www.jobboom.com/fr/offre-emploi/administrateurtrice-informatique-ct_totem-recruteur-de-talent_p3363980
Administrateur de systèmes,24-06-2025,Services de Gestion Quantum Ltée,"Montréal , QC",informatique,Permanent,Autre,"Active Directory , Ant , GIT , LAN , MAN , R , SSIS",Jobboom,https://www.jobboom.com/fr/offre-emploi/administrateur-de-systemes_services-de-gestion-quantum-ltee_p3431830
Analyste informatique,24-06-2025,Emballages Mitchel-Lincoln Ltée,"Saint-Laurent , QC",informatique,Permanent,Autre,"Agile , Ant , Jira , MAN , PAT , R , RIP , Spécifications techniques",Jobboom,https://www.jobboom.com/fr/offre-emploi/analyste-informatique_emballages-mitchel-lincoln-ltee_p3423517
Solutions architect,06-06-2025,Services de Gestion Quantum Ltée,"Toronto , ON",informatique,Permanent,Autre,"Agile , Angular , Ant , GIT , Go , Java , LAN , MAN , PAT , Python , R",Jobboom,https://www.jobboom.com/fr/offre-emploi/solutions-architect_services-de-gestion-quantum-ltee_p3422378
Mobile developer,24-06-2025,Services de Gestion Quantum Ltée,"Toronto , ON",informatique,Permanent,Autre,"Ant , DevOps , GIT , Go , IPS , Java , JavaScript , MAN , NAT , R , RESTful APIs , RF , RIP , TypeScript",Jobboom,https://www.jobboom.com/fr/offre-emploi/mobile-developer_services-de-gestion-quantum-ltee_p3431821
"Chargé·e de projets, expériences immersives",17-06-2025,Centre PHI,"Montréal , QC",informatique,Permanent,Autre,"Ant , Asana , Jira , LAN , NAT , R , RDI , Trello",Jobboom,https://www.jobboom.com/fr/offre-emploi/chargee-de-projets-experiences-immersives_centre-phi_p3318488
Sr business analyst,31-05-2025,Robert Half,"Ottawa , ON",informatique,Contractuel,Analyste fonctionnel / Business Analyst,"Ant , Go , LAN , MAN , NAT , R , RF",Jobboom,https://www.jobboom.com/fr/offre-emploi/sr-business-analyst_robert-half_p3419326
Epicor consultant,21-06-2025,Robert Half,"Calgary , AB",informatique,Contractuel,Autre,"Ant , Go , LAN , MAN , PAT , R , RIP , SQL , SSIS",Jobboom,https://www.jobboom.com/fr/offre-emploi/epicor-consultant_robert-half_p3412240
Architecte des données principal,19-06-2025,Services de Gestion Quantum Ltée,"Montréal , QC",informatique,Permanent,Autre,"Ant , Chef , GIT , Go , LAN , MAN , NAT , Python , R , SQL , Snowflake",Jobboom,https://www.jobboom.com/fr/offre-emploi/architecte-des-donnees-principal_services-de-gestion-quantum-ltee_p3429672
Spécialiste en marketing numérique – hybride,20-06-2025,Services de Gestion Quantum Ltée,"Montréal , QC",informatique,Contractuel,Autre,"Ant , LAN , MAN , R , RF",Jobboom,https://www.jobboom.com/fr/offre-emploi/specialiste-en-marketing-numerique-hybride_services-de-gestion-quantum-ltee_p3429883
"Chef ti, intégrations de données (télétravail - boucherville)",21-06-2025,RONA inc.,"Boucherville , QC",informatique,Permanent,Autre,"Ant , Chef , Confluence , Jira , LAN , MAN , NAT , PAT , R , RF , SSIS",Jobboom,https://www.jobboom.com/fr/offre-emploi/chef-ti-integrations-de-donnees-teletravail-boucherville_rona-inc_p3430036
Coordonnateur(trice) de projets ti,21-06-2025,Ville Saint-Jean-sur-Richelieu,"Saint-Jean-sur-Richelieu , QC",informatique,Contractuel,Autre,"Agile , Ant , Chef , Confluence , Hyper-V , Jira , LAN , Lean , MAN , NAT , R , RDI",Jobboom,https://www.jobboom.com/fr/offre-emploi/coordonnateurtrice-de-projets-ti_ville-saint-jean-sur-richelieu_p3430056
Associé en conformité,28-05-2025,Robert Half,"Montréal , QC",informatique,Permanent,Autre,"Ant , Chef , LAN , MAN , R , RIP",Jobboom,https://www.jobboom.com/fr/offre-emploi/associe-en-conformite_robert-half_p3251867
Spécialiste email,20-06-2025,RONA inc.,"Boucherville , QC",informatique,Permanent,Autre,"Ant , Chef , LAN , MAN , NAT , R , RDI , RF",Jobboom,https://www.jobboom.com/fr/offre-emploi/specialiste-email_rona-inc_p3429903
Administrateur.trice réseau senior – wan,20-06-2025,Canam,"Québec , QC",informatique,Permanent,Autre,"Ant , MAN , R , RF , RIP , SD-WAN , SSIS , WAN",Jobboom,https://www.jobboom.com/fr/offre-emploi/administrateurtrice-reseau-senior-wan_canam_p3429909
Administrateur.trice réseau senior – wan,20-06-2025,Canam,"Boucherville , QC",informatique,Permanent,Autre,"Ant , MAN , R , RF , RIP , SD-WAN , SSIS , WAN",Jobboom,https://www.jobboom.com/fr/offre-emploi/administrateurtrice-reseau-senior-wan_canam_p3429908
Administrateur.trice réseau senior – wan,20-06-2025,Canam,"Saint Georges , QC",informatique,Permanent,Autre,"Ant , MAN , R , RF , RIP , SD-WAN , SSIS , WAN",Jobboom,https://www.jobboom.com/fr/offre-emploi/administrateurtrice-reseau-senior-wan_canam_p3429907
Analyste de données,20-06-2025,Velan Inc,"Saint-Laurent , QC",informatique,Permanent,Autre,"Ant , LAN , MAN , NAT , Power BI , R , RDI , RF",Jobboom,https://www.jobboom.com/fr/offre-emploi/analyste-de-donnees_velan-inc_p3402485
Chef de projet,18-06-2025,Services de Gestion Quantum Ltée,"Montréal , QC",informatique,Permanent,Chef de projet,"Ant , Asana , Chef , Jira , LAN , MAN , NAT , R , RDI",Jobboom,https://www.jobboom.com/fr/offre-emploi/chef-de-projet_services-de-gestion-quantum-ltee_p3429120
Jr business analyst,31-05-2025,Robert Half,"Ottawa , ON",informatique,Contractuel,Analyste fonctionnel / Business Analyst,"Ant , Go , LAN , MAN , NAT , R , RF",Jobboom,https://www.jobboom.com/fr/offre-emploi/jr-business-analyst_robert-half_p3419325
"Analyste d'affaires, chaîne d'approvisionnement",19-06-2025,RONA inc.,"Boucherville , QC",informatique,Permanent,Analyste fonctionnel / Business Analyst,"Agile , Ant , Chef , LAN , MAN , NAT , PAT , Power BI , R , RF , SQL , Spécifications fonctionnelles , Tableau",Jobboom,https://www.jobboom.com/fr/offre-emploi/analyste-daffaires-chaine-dapprovisionnement_rona-inc_p3429707
Technicien(ne) informatique senior,19-06-2025,Canam,"Saint-Georges , QC",informatique,Permanent,Autre,"Agile , Ant , ITIL , LAN , Lean , MAN , PAT , R , RF , RIP",Jobboom,https://www.jobboom.com/fr/offre-emploi/technicienne-informatique-senior_canam_p3429538
Conseiller(ère) au centre d’assistance ti,18-06-2025,Canam,"Lévis , QC",informatique,Permanent,Autre,"Ant , MAN , PAT , R , RF , RIP , SSIS",Jobboom,https://www.jobboom.com/fr/offre-emploi/conseillerere-au-centre-dassistance-ti_canam_p3429537
Conseiller(ère) au centre d’assistance ti,18-06-2025,Canam,"Saint-Georges , QC",informatique,Permanent,Autre,"Ant , MAN , PAT , R , RF , RIP , SSIS",Jobboom,https://www.jobboom.com/fr/offre-emploi/conseillerere-au-centre-dassistance-ti_canam_p3429536
Conseiller(ère) au centre d’assistance ti,18-06-2025,Canam,"Québec , QC",informatique,Permanent,Autre,"Ant , MAN , PAT , R , RF , RIP , SSIS",Jobboom,https://www.jobboom.com/fr/offre-emploi/conseillerere-au-centre-dassistance-ti_canam_p3429535
Développeur(euse) java fullstack (pm),28-05-2025,Totem recruteur de talent,"Montreal , QC",informatique,Permanent,Développeur,"Angular , Ant , CI/CD , DevOps , GIT , Java , LAN , MAN , NoSQL , R , SQL , Vue.js",Jobboom,https://www.jobboom.com/fr/offre-emploi/developpeureuse-java-fullstack-pm_totem-recruteur-de-talent_p3364880
Hris project lead,18-06-2025,Robert Half,"Mississauga , ON",informatique,Contractuel,Autre,"Ant , Go , MAN , PAT , R , SSIS",Jobboom,https://www.jobboom.com/fr/offre-emploi/hris-project-lead_robert-half_p3428998
Coordonnateur informatique,18-06-2025,Fed IT,"Montréal , QC",informatique,Permanent,Autre,"Ant , GIT , LAN , MAN , NAT , PAT , R , RF",Jobboom,https://www.jobboom.com/fr/offre-emploi/coordonnateur-informatique_fed-it_p3429154
Directeur.trice projets sap (ct),28-05-2025,Totem recruteur de talent,"Brossard , QC",informatique,Permanent,Autre,"Ant , Go , LAN , MAN , NAT , R , RF",Jobboom,https://www.jobboom.com/fr/offre-emploi/directeurtrice-projets-sap-ct_totem-recruteur-de-talent_p3361716
Copilot consultant,18-06-2025,Robert Half,"Edmonton , AB",informatique,Contractuel,Autre,"Ant , Go , LAN , MAN , NAT , R , RF , SSIS",Jobboom,https://www.jobboom.com/fr/offre-emploi/copilot-consultant_robert-half_p3429013
Gestionnaire de site web,17-06-2025,Formation SAMO,"Repentigny , QC",informatique,Permanent,Autre,"Ant , CSS , HTML , R , ToS",Jobboom,https://www.jobboom.com/fr/offre-emploi/gestionnaire-de-site-web_formation-samo_p3428247
Gestionnaire des communications digitales,28-05-2025,Robert Half,"Ottawa , ON",informatique,Permanent,Autre,"Ant , GIT , LAN , MAN , R , RF , RIP",Jobboom,https://www.jobboom.com/fr/offre-emploi/gestionnaire-des-communications-digitales_robert-half_p3404765
Stagiaire ti,16-06-2025,Velan Inc,"Saint-Laurent , QC",informatique,Permanent,Autre,"Ant , LAN , MAN , NAT , R , RDI , RIP , SSIS",Jobboom,https://www.jobboom.com/fr/offre-emploi/stagiaire-ti_velan-inc_p3427644
Chef d’équipe – réseautique et télécommunications,14-06-2025,Canam,"Saint-Georges , QC",informatique,Permanent,Autre,"Ant , Chef , Firewall , Firewalls , IDS , IPS , LAN , MAN , NAT , QoS , R , RDI , RF , RIP , SD-WAN , VLAN , VPN , WAN",Jobboom,https://www.jobboom.com/fr/offre-emploi/chef-dequipe-reseautique-et-telecommunications_canam_p3412249
Chef d’équipe – réseautique et télécommunications,14-06-2025,Canam,"Lévis , QC",informatique,Permanent,Autre,"Ant , Chef , Firewall , Firewalls , IDS , IPS , LAN , MAN , NAT , QoS , R , RDI , RF , RIP , SD-WAN , VLAN , VPN , WAN",Jobboom,https://www.jobboom.com/fr/offre-emploi/chef-dequipe-reseautique-et-telecommunications_canam_p3412248
Chef d’équipe – cloud et hébergement,14-06-2025,Canam,"Saint-Georges , QC",informatique,Permanent,Autre,"Ansible , Ant , Chef , LAN , MAN , PowerShell , R , RF , RIP , Terraform",Jobboom,https://www.jobboom.com/fr/offre-emploi/chef-dequipe-cloud-et-hebergement_canam_p3412252
Chef d’équipe – cloud et hébergement,14-06-2025,Canam,"Québec , QC",informatique,Permanent,Autre,"Ansible , Ant , Chef , LAN , MAN , PowerShell , R , RF , RIP , Terraform",Jobboom,https://www.jobboom.com/fr/offre-emploi/chef-dequipe-cloud-et-hebergement_canam_p3412251
Chef d’équipe – cloud et hébergement,14-06-2025,Canam,"Boucherville , QC",informatique,Permanent,Autre,"Ansible , Ant , Chef , LAN , MAN , PowerShell , R , RF , RIP , Terraform",Jobboom,https://www.jobboom.com/fr/offre-emploi/chef-dequipe-cloud-et-hebergement_canam_p3412253
Chef d’équipe – réseautique et télécommunications,14-06-2025,Canam,"Boucherville , QC",informatique,Permanent,Autre,"Ant , Chef , Firewall , Firewalls , IDS , IPS , LAN , MAN , NAT , QoS , R , RDI , RF , RIP , SD-WAN , VLAN , VPN , WAN",Jobboom,https://www.jobboom.com/fr/offre-emploi/chef-dequipe-reseautique-et-telecommunications_canam_p3412250
Gestionnaire de projets ti,13-06-2025,Fed IT,"Montréal , QC",informatique,Permanent,Autre,"Ant , Go , Jira , LAN , MAN , NAT , Prince2 , R , RDI , RF",Jobboom,https://www.jobboom.com/fr/offre-emploi/gestionnaire-de-projets-ti_fed-it_p3426261
Analyste d'affaires,28-05-2025,Robert Half,"Montréal , QC",informatique,Permanent,Analyste fonctionnel / Business Analyst,"Ant , BPMN , Go , LAN , MAN , NAT , R , RIP , Spécifications fonctionnelles , UML",Jobboom,https://www.jobboom.com/fr/offre-emploi/analyste-daffaires_robert-half_p3408329
Analyste-programmeur·euse distribution centre d'information,12-06-2025,METRO RICHELIEU INC,"Varennes , QC",informatique,Permanent,Développeur,"Ant , CLLE , Free-form RPG , LAN , MAN , R , RDI , RIP , RPG ILE , SQL , Spécifications techniques",Jobboom,https://www.jobboom.com/fr/offre-emploi/analyste-programmeureuse-distribution-centre-dinformation_metro-richelieu-inc_p3425492
"Spécialiste infrastructures, systèmes et réseaux - hybride",11-06-2025,Fed IT,"Montréal-Est , QC",informatique,Permanent,Autre,"Ant , Apache , Commvault , Entra ID , GIT , IIS , Intune , LAN , Linux , MAN , NAT , Office 365 , R , RDI , RF , Tomcat , Unix , WAN , Zerto",Jobboom,https://www.jobboom.com/fr/offre-emploi/specialiste-infrastructures-systemes-et-reseaux-hybride_fed-it_p3425479
"Conseiller, expérience numérique (go-to-market)",11-06-2025,RONA inc.,"Boucherville , QC",informatique,Permanent,Autre,"Ant , Chef , GIT , LAN , MAN , NAT , R , RF",Jobboom,https://www.jobboom.com/fr/offre-emploi/conseiller-experience-numerique-go-to-market_rona-inc_p3425472
Développeur api (.net),09-06-2025,InnovMetric Logiciels Inc.,"Québec , QC",informatique,Permanent,Développeur,"Agile , Ant , C# , Go , JSON , LAN , MAN , NAT , PAT , R , RF , SQL , Spécifications techniques , xUnit",Jobboom,https://www.jobboom.com/fr/offre-emploi/developpeur-api-net_innovmetric-logiciels-inc_p3346930
Analyste en cybersécurité,09-06-2025,InnovMetric Logiciels Inc.,"Québec , QC",informatique,Permanent,Cybersécurité,"Ant , Go , Intune , MAN , NAT , R , SSIS",Jobboom,https://www.jobboom.com/fr/offre-emploi/analyste-en-cybersecurite_innovmetric-logiciels-inc_p3408382
Erp developer (ms dynamics business central),07-06-2025,Robert Half,"Calgary , AB",informatique,Contractuel,Autre,".NET Core , Ant , Azure DevOps , DevOps , Go , MAN , R , RF , SSIS",Jobboom,https://www.jobboom.com/fr/offre-emploi/erp-developer-ms-dynamics-business-central_robert-half_p3393833
Infrastructure/back end developer,07-06-2025,Robert Half,"Calgary , AB",informatique,Permanent,Autre,"Ant , C# , Go , MAN , Microsoft Azure , NAT , Power BI , R , SQL",Jobboom,https://www.jobboom.com/fr/offre-emploi/infrastructure-back-end-developer_robert-half_p3406977
Payroll systems specialist,07-06-2025,Robert Half,"Vancouver , BC",informatique,Contractuel,Autre,"Ant , Go , MAN , R , RIP , SaaS",Jobboom,https://www.jobboom.com/fr/offre-emploi/payroll-systems-specialist_robert-half_p3423540
Développeur opérationnel (devops),07-06-2025,InnovMetric Logiciels Inc.,"Québec , QC",informatique,Permanent,Développeur,"Ant , Bash , DevOps , Docker , GIT , GitHub , Grafana , Hyper-V , Intune , Java , JavaScript , Jenkins , LAN , Linux , MAN , NAT , PAT , PowerShell , Python , R , RIP , SQL , Vagrant",Jobboom,https://www.jobboom.com/fr/offre-emploi/developpeur-operationnel-devops_innovmetric-logiciels-inc_p3423518
Analyste programmeur.se (ct),28-05-2025,Totem recruteur de talent,"Cleveland , QC",informatique,Permanent,Développeur,"Ant , C# , HTML , Java , JavaScript , LAN , MAN , NAT , R , RDI , RF , RIP , SQL",Jobboom,https://www.jobboom.com/fr/offre-emploi/analyste-programmeurse-ct_totem-recruteur-de-talent_p3305006
Administrateur senior systèmes et réseaux,06-06-2025,Fed IT,"Salaberry-de-Valleyfield , QC",informatique,Permanent,Autre,"Ant , LAN , Linux , MAN , PAT , R , TCP/IP , VPN , WAN",Jobboom,https://www.jobboom.com/fr/offre-emploi/administrateur-senior-systemes-et-reseaux_fed-it_p3423000
Analyste d'affaires erp,06-06-2025,Fed IT,"Montréal , QC",informatique,Permanent,Analyste fonctionnel / Business Analyst,"Ant , LAN , MAN , NAT , R , RF , Spécifications fonctionnelles",Jobboom,https://www.jobboom.com/fr/offre-emploi/analyste-daffaires-erp_fed-it_p3422947
Analyste d'affaires erp senior,06-06-2025,Fed IT,"Montréal , QC",informatique,Permanent,Analyste fonctionnel / Business Analyst,"Ant , LAN , MAN , NAT , R , RF , Spécifications fonctionnelles",Jobboom,https://www.jobboom.com/fr/offre-emploi/analyste-daffaires-erp-senior_fed-it_p3422945
"Analyste principal(e), contrôle de la qualité ti (télétravail - boucherville)",06-06-2025,RONA inc.,"Boucherville , QC",informatique,Permanent,Autre,"Agile , Ant , Chef , Jira , LAN , MAN , NAT , R , RF , SQL , Selenium",Jobboom,https://www.jobboom.com/fr/offre-emploi/analyste-principale-controle-de-la-qualite-ti-teletravail-boucherville_rona-inc_p3422879
Architecte de données,04-06-2025,Canam,"Saint-Georges , QC",informatique,Permanent,Autre,"Ant , BigQuery , Data Lake , Data warehouse , Go , LAN , MAN , Power BI , Python , R , RF , RIP , SQL , Snowflake , Tableau",Jobboom,https://www.jobboom.com/fr/offre-emploi/architecte-de-donnees_canam_p3422290
Architecte de données,04-06-2025,Canam,"Boucherville , QC",informatique,Permanent,Autre,"Ant , BigQuery , Data Lake , Data warehouse , Go , LAN , MAN , Power BI , Python , R , RF , RIP , SQL , Snowflake , Tableau",Jobboom,https://www.jobboom.com/fr/offre-emploi/architecte-de-donnees_canam_p3422291
Software engineer for machine learning,04-06-2025,Robert Half,"Vancouver , BC",informatique,Permanent,Ingénieur logiciel,"Ant , Go , MAN , NAT , PAT , Python , R",Jobboom,https://www.jobboom.com/fr/offre-emploi/software-engineer-for-machine-learning_robert-half_p3421524
Gestionnaire d'audit,03-06-2025,Robert Half,"Montréal , QC",informatique,Permanent,Autre,"Ant , LAN , MAN , R , RIP",Jobboom,https://www.jobboom.com/fr/offre-emploi/gestionnaire-daudit_robert-half_p3361927
Stagiaire technicien(ne) informatique,28-05-2025,Canam,"Saint-Georges , QC",informatique,Permanent,Autre,"Active Directory , Agile , Ant , DHCP , DNS , Go , Google Workspace , LAN , Linux , MAN , R , RIP",Jobboom,https://www.jobboom.com/fr/offre-emploi/stagiaire-technicienne-informatique_canam_p3415349
"Chef(fe) de produit principal(e), applications mobiles",28-05-2025,RONA inc.,"Boucherville , QC",informatique,Permanent,Autre,"Agile , Ant , Chef , Confluence , Jira , LAN , MAN , NAT , R , RF",Jobboom,https://www.jobboom.com/fr/offre-emploi/cheffe-de-produit-principale-applications-mobiles_rona-inc_p3414868
Stagiaire technicien(ne) informatique,28-05-2025,Canam,"Saint-Gédéon-de-Beauce , QC",informatique,Permanent,Autre,"Active Directory , Agile , Ant , DHCP , DNS , Go , Google Workspace , LAN , Linux , MAN , R , RIP",Jobboom,https://www.jobboom.com/fr/offre-emploi/stagiaire-technicienne-informatique_canam_p3403467
"Spécialiste d’application – déploiement et évolution eam, maintenance",28-05-2025,Canam,"Québec , QC",informatique,Permanent,Autre,"Ant , Go , MAN , NAT , R , RDI , RF , RIP , SSIS",Jobboom,https://www.jobboom.com/fr/offre-emploi/specialiste-dapplication-deploiement-et-evolution-eam-maintenance_canam_p3391863
"Spécialiste d’application – déploiement et évolution eam, maintenance",28-05-2025,Canam,"Boucherville , QC",informatique,Permanent,Autre,"Ant , Go , MAN , NAT , R , RDI , RF , RIP , SSIS",Jobboom,https://www.jobboom.com/fr/offre-emploi/specialiste-dapplication-deploiement-et-evolution-eam-maintenance_canam_p3391865
"Spécialiste d’application – déploiement et évolution eam, maintenance",28-05-2025,Canam,"Laval , QC",informatique,Permanent,Autre,"Ant , Go , MAN , NAT , R , RDI , RF , RIP , SSIS",Jobboom,https://www.jobboom.com/fr/offre-emploi/specialiste-dapplication-deploiement-et-evolution-eam-maintenance_canam_p3391864
Qa - leader technique sap (ct),28-05-2025,Totem recruteur de talent,"Longueuil , QC",informatique,Permanent,Testeur / QA,"Ant , Go , LAN , MAN , NAT , R , RDI , RF",Jobboom,https://www.jobboom.com/fr/offre-emploi/qa-leader-technique-sap-ct_totem-recruteur-de-talent_p3361715
Concepteur de logiciel embarqué,,Groupe RP.,"Lévis , QC",informatique,,Autre,,Jobboom,https://www.jobboom.com/fr/offre-emploi/concepteur-de-logiciel-embarque_groupe-rp_p3055069
Architecte soa,,Groupe RP.,"Terrebonne , QC",informatique,,Autre,,Jobboom,https://www.jobboom.com/fr/offre-emploi/architecte-soa_groupe-rp_p3344476
Gestionnaire réseaux sociaux,28-05-2025,Soucy,"Drummondville , QC",informatique,Permanent,Autre,"Ant , Chef , Go , LAN , MAN , NAT , R , RIP",Jobboom,https://www.jobboom.com/fr/offre-emploi/gestionnaire-reseaux-sociaux_soucy_p3311241
Chargé·e de projets marketing,28-05-2025,Soucy,"Drummondville , QC",informatique,Permanent,Autre,"Ant , Chef , Go , LAN , MAN , NAT , R , RIP",Jobboom,https://www.jobboom.com/fr/offre-emploi/chargee-de-projets-marketing_soucy_p3311242
Conseillers en architecture organique en intelligences d'affaires niveau senior (r2d),28-05-2025,TEHORA,"Montréal , QC",informatique,Permanent,Autre,"Ant , Chef , ETL , LAN , MAN , NAT , Power BI , R , RF , RIP , SQL , SSIS",Jobboom,https://www.jobboom.com/fr/offre-emploi/conseillers-en-architecture-organique-en-intelligences-daffaires-niveau-senior-r2d_tehora_p3114001
Conseillers en architecture organique en intelligences d'affaires niveau senior (r2c),28-05-2025,TEHORA,"Montréal , QC",informatique,Permanent,Autre,"Ant , Chef , ETL , LAN , MAN , NAT , Power BI , R , RF , RIP , SQL , SSIS",Jobboom,https://www.jobboom.com/fr/offre-emploi/conseillers-en-architecture-organique-en-intelligences-daffaires-niveau-senior-r2c_tehora_p3114002
Conseillers en architecture organique en intelligences d'affaires niveau senior (r2b),28-05-2025,TEHORA,"Montréal , QC",informatique,Permanent,Autre,"Ant , Chef , ETL , LAN , MAN , NAT , Power BI , R , RF , RIP , SQL , SSIS",Jobboom,https://www.jobboom.com/fr/offre-emploi/conseillers-en-architecture-organique-en-intelligences-daffaires-niveau-senior-r2b_tehora_p3114003
Conseillers en architecture organique en intelligences d'affaires niveau senior (r2a),28-05-2025,TEHORA,"Montréal , QC",informatique,Permanent,Autre,"Ant , Chef , ETL , LAN , MAN , NAT , Power BI , R , RF , RIP , SQL , SSIS",Jobboom,https://www.jobboom.com/fr/offre-emploi/conseillers-en-architecture-organique-en-intelligences-daffaires-niveau-senior-r2a_tehora_p3114004
Analystes d'affaires en intelligences artificielles niveau senior (r1d),28-05-2025,TEHORA,"Montréal , QC",informatique,Permanent,Autre,"Ant , LAN , MAN , NAT , PAT , R , RIP , Tableau",Jobboom,https://www.jobboom.com/fr/offre-emploi/analystes-daffaires-en-intelligences-artificielles-niveau-senior-r1d_tehora_p3114005
Analystes d'affaires en intelligences artificielles niveau senior (r1c),28-05-2025,TEHORA,"Montréal , QC",informatique,Permanent,Autre,"Ant , LAN , MAN , NAT , PAT , R , RIP , Tableau",Jobboom,https://www.jobboom.com/fr/offre-emploi/analystes-daffaires-en-intelligences-artificielles-niveau-senior-r1c_tehora_p3114006
Analystes d'affaires en intelligences artificielles niveau senior (r1b),28-05-2025,TEHORA,"Montréal , QC",informatique,Permanent,Autre,"Ant , LAN , MAN , NAT , PAT , R , RIP , Tableau",Jobboom,https://www.jobboom.com/fr/offre-emploi/analystes-daffaires-en-intelligences-artificielles-niveau-senior-r1b_tehora_p3114007
Analystes d'affaires en intelligences artificielles niveau senior (r1a),28-05-2025,TEHORA,"Montréal , QC",informatique,Permanent,Autre,"Ant , LAN , MAN , NAT , PAT , R , RIP , Tableau",Jobboom,https://www.jobboom.com/fr/offre-emploi/analystes-daffaires-en-intelligences-artificielles-niveau-senior-r1a_tehora_p3114008
Développeur fullstack .net,28-05-2025,Fed IT,"Montréal , QC",informatique,Permanent,Développeur,"Ant , C# , CSS , GIT , HTML , LAN , Lean , MAN , NAT , R , RF , SAS , SASS",Jobboom,https://www.jobboom.com/fr/offre-emploi/developpeur-fullstack-net_fed-it_p3149905
Administrateur système linux,28-05-2025,Fed IT,"Montréal , QC",informatique,Permanent,Autre,"Ant , Apache , LAN , Linux , MAN , Nginx , PAT , PHP , Python , R , Redis , SQL , ToS , Tomcat , Unix",Jobboom,https://www.jobboom.com/fr/offre-emploi/administrateur-systeme-linux_fed-it_p3149900
Développeur web (node.js et angular),28-05-2025,Fed IT,"Laval , QC",informatique,Permanent,Développeur,"Angular , Ant , BigQuery , C# , CSS , Go , Google Cloud Platform , HTML , Java , JavaScript , Linux , MAN , Node.js , R , RIP , SQL",Jobboom,https://www.jobboom.com/fr/offre-emploi/developpeur-web-nodejs-et-angular_fed-it_p3149901
Technicien support informatique,28-05-2025,Fed IT,"Anjou , QC",informatique,Permanent,Technicien informatique / Support,"Active Directory , Ant , Hyper-V , MAN , R , Windows 10 , Windows Server",Jobboom,https://www.jobboom.com/fr/offre-emploi/technicien-support-informatique_fed-it_p3149902
Technicien spécialiste pos ( point of service ),28-05-2025,Fed IT,"Montréal , QC",informatique,Permanent,Autre,"Ant , LAN , MAN , R , SSIS",Jobboom,https://www.jobboom.com/fr/offre-emploi/technicien-specialiste-pos-point-of-service-_fed-it_p3149898
Administrateur système et réseau,28-05-2025,Fed IT,"Montréal , QC",informatique,Permanent,Autre,"Ant , Chef , LAN , MAN , NAT , R , RDI , RF , SSIS , TCP/IP , WAN",Jobboom,https://www.jobboom.com/fr/offre-emploi/administrateur-systeme-et-reseau_fed-it_p3149899
Développeur fullstack,28-05-2025,Fed IT,"Montréal , QC",informatique,Permanent,Développeur,"Ant , C# , CSS , JSON , Java , JavaScript , LAN , MAN , R , RIP , SQL , SSIS , VBA , XML",Jobboom,https://www.jobboom.com/fr/offre-emploi/developpeur-fullstack_fed-it_p3149892
Architecte infrastructure senior,28-05-2025,Fed IT,"Montréal , QC",informatique,Permanent,Autre,"Active Directory , Ant , LAN , MAN , R , VMware ESXi , vSphere",Jobboom,https://www.jobboom.com/fr/offre-emploi/architecte-infrastructure-senior_fed-it_p3149893
Analyste ecm,28-05-2025,Fed IT,"Montréal , QC",informatique,Permanent,Autre,"Active Directory , Ant , Apache , HTML , IIS , Java , LAN , MAN , PowerShell , R , RF , RIP , SDLC , SQL , Spécifications techniques , Tomcat , Visual Studio , Windows Server , XML",Jobboom,https://www.jobboom.com/fr/offre-emploi/analyste-ecm_fed-it_p3149894
Analyste support dynamics,28-05-2025,Fed IT,"Montréal , QC",informatique,Permanent,Technicien informatique / Support,"Ant , Go , LAN , MAN , Microsoft Azure , Office 365 , Power BI , R , RF , Tableau",Jobboom,https://www.jobboom.com/fr/offre-emploi/analyste-support-dynamics_fed-it_p3149895
Développeur fullstack,28-05-2025,Fed IT,"Montréal , QC",informatique,Permanent,Développeur,"Agile , Ant , C# , Go , LAN , MAN , R , Visual Studio",Jobboom,https://www.jobboom.com/fr/offre-emploi/developpeur-fullstack_fed-it_p3149896
Lead développeur fullstack,28-05-2025,Fed IT,"Montréal , QC",informatique,Permanent,Développeur,"Agile , Ant , C# , Go , LAN , MAN , R , Visual Studio",Jobboom,https://www.jobboom.com/fr/offre-emploi/lead-developpeur-fullstack_fed-it_p3149897
Team lead fullstack,28-05-2025,Fed IT,"Montréal , QC",informatique,Permanent,Développeur,"Agile , Ant , C# , Go , LAN , MAN , R , Visual Studio",Jobboom,https://www.jobboom.com/fr/offre-emploi/team-lead-fullstack_fed-it_p3149891
Spécialiste edi,28-05-2025,Fed IT,"Belle River , ON",informatique,Permanent,Autre,"Ant , GIT , JSON , LAN , MAN , R , RF , SQL , Spécifications techniques",Jobboom,https://www.jobboom.com/fr/offre-emploi/specialiste-edi_fed-it_p3149886
Chef d'équipe - intégration de données (erp),28-05-2025,Fed IT,"Belle River , ON",informatique,Permanent,Autre,"Ant , Chef , GIT , LAN , MAN , R",Jobboom,https://www.jobboom.com/fr/offre-emploi/chef-dequipe-integration-de-donnees-erp_fed-it_p3149887
Technicien informatique niveau 2/3,28-05-2025,Fed Finance Canada,"Saint-Philippe , QC",informatique,Permanent,Technicien informatique / Support,"Ant , Hyper-V , LAN , MAN , R , RIP , SSIS , VLAN , Windows Server",Jobboom,https://www.jobboom.com/fr/offre-emploi/technicien-informatique-niveau-2-3_fed-finance-canada_p3060146
"Développeur logiciel, fabrication numérique",28-05-2025,Velan Inc,"Saint-Laurent , QC",informatique,Permanent,Développeur,"Ant , LAN , MAN , R , RF",Jobboom,https://www.jobboom.com/fr/offre-emploi/developpeur-logiciel-fabrication-numerique_velan-inc_p3013522
Spécialiste senior service technique - après-vente,28-05-2025,Velan Inc,"Saint-Laurent , QC",informatique,Permanent,Autre,"Ant , LAN , MAN , R , RF",Jobboom,https://www.jobboom.com/fr/offre-emploi/specialiste-senior-service-technique-apres-vente_velan-inc_p3009266
